HGNC_ID,ENSG_ID,NCBI_ID,captured_status,captured_category_list,primary_gene_symbol,gene_symbol,alternate_abbreviation_status_w_no_context
HGNC:12406,ENSG00000166402,GENE ID:7275,FALSE,,TUB,rd5,FALSE
HGNC:6631,ENSG00000074695,GENE ID:3998,FALSE,,LMAN1,GP58,FALSE
HGNC:9911,ENSG00000216835,GENE ID:3186,FALSE,,RBMXP1,HNRNP-G,FALSE
HGNC:3795,ENSG00000110203,GENE ID:2352,FALSE,,FOLR3,FRgamma,TRUE
HGNC:13919,"ENSG00000234651, ENSG00000096155, ENSG00000233348, ENSG00000204463, ENSG00000228760, ENSG00000229524, ENSG00000227761",GENE ID:7917,FALSE,,BAG6,SCYTHE,FALSE
HGNC:32629,ENSG00000222370,GENE ID:677818,FALSE,,SNORA36B,ACA36b,TRUE
HGNC:74,ENSG00000118777,GENE ID:9429,TRUE,Prefix Gene Group Symbol,ABCG2,CD338,FALSE
HGNC:6445,ENSG00000135480,GENE ID:3855,TRUE,Withdrawn MGI Symbol,KRT7,SCL,FALSE
HGNC:2372,ENSG00000112282,GENE ID:9439,TRUE,Ortholog Symbol,MED23,SUR-2,FALSE
HGNC:80,ENSG00000002726,GENE ID:26,TRUE,"Previous Symbol, Withdrawn MGI Symbol",AOC1,ABP1,FALSE
HGNC:7067,ENSG00000179583,GENE ID:4261,TRUE,Prefix Gene Group Symbol,CIITA,NLRA,FALSE
HGNC:5,ENSG00000121410,GENE ID:1,FALSE,,A1BG,GAB,FALSE
HGNC:5,ENSG00000121410,GENE ID:1,FALSE,,A1BG,A1B,TRUE
HGNC:5,ENSG00000121410,GENE ID:1,FALSE,,A1BG,ABG,TRUE
HGNC:24086,ENSG00000148584,GENE ID:29974,FALSE,,A1CF,ACF,TRUE
HGNC:24086,ENSG00000148584,GENE ID:29974,FALSE,,A1CF,ACF64,TRUE
HGNC:24086,ENSG00000148584,GENE ID:29974,TRUE,Withdrawn MGI Symbol,A1CF,ASP,FALSE
HGNC:30005,ENSG00000184389,GENE ID:127550,FALSE,,A3GALT2,IGB3S,FALSE
HGNC:18149,ENSG00000128274,GENE ID:53947,FALSE,,A4GALT,A4GALT1,FALSE
HGNC:18149,ENSG00000128274,GENE ID:53947,FALSE,,A4GALT,GB3S,FALSE
HGNC:17968,ENSG00000118017,GENE ID:51146,FALSE,,A4GNT,ALPHA4GNT,TRUE
HGNC:19,ENSG00000129673,GENE ID:15,FALSE,,AANAT,SNAT,FALSE
HGNC:20569,ENSG00000163660,GENE ID:57018,FALSE,,CCNL1,ANIA6A,FALSE
HGNC:15208,ENSG00000175800,GENE ID:387747,FALSE,,OR52B3P,PJCG7,FALSE
HGNC:29145,ENSG00000132680,GENE ID:22889,FALSE,,KHDC4,SNORA80EHG,FALSE
HGNC:23365,ENSG00000231293,set(),FALSE,,RPL36AP6,BA380I20.1,FALSE
HGNC:13348,ENSG00000167656,GENE ID:8581,FALSE,,LY6D,Ly-6D,TRUE
HGNC:12182,"ENSG00000282242, ENSG00000276597",GENE ID:28580,FALSE,,TRBV11-3,TCRBV11S3,TRUE
HGNC:16120,ENSG00000229230,set(),FALSE,,MT1P3,DJ614O4.6,FALSE
HGNC:25926,ENSG00000102802,GENE ID:84935,FALSE,,MEDAG,AWMS3,FALSE
HGNC:13302,ENSG00000112218,GENE ID:81491,FALSE,,GPR63,PSP24(beta),FALSE
HGNC:4055,ENSG00000196419,GENE ID:2547,FALSE,,XRCC6,D22S671,FALSE
HGNC:12953,ENSG00000197279,GENE ID:7718,FALSE,,ZNF165,CT53,FALSE
HGNC:2736,ENSG00000013573,GENE ID:1663,FALSE,,DDX11,CHLR1,FALSE
HGNC:13994,ENSG00000164256,GENE ID:56979,FALSE,,PRDM9,Meisetz,FALSE
HGNC:1940,ENSG00000188419,GENE ID:1121,FALSE,,CHM,HSD-32,FALSE
HGNC:10115,ENSG00000274266,GENE ID:6080,FALSE,,SNORA73A,E1-7,FALSE
HGNC:1511,ENSG00000132906,GENE ID:842,FALSE,,CASP9,MCH6,FALSE
HGNC:19881,ENSG00000132205,GENE ID:84034,FALSE,,EMILIN2,EMILIN-2,TRUE
HGNC:2750,ENSG00000135829,GENE ID:1660,FALSE,,DHX9,NDH2,FALSE
HGNC:10478,ENSG00000204231,GENE ID:6257,FALSE,,RXRB,DAUDI6,FALSE
HGNC:12509,ENSG00000188021,GENE ID:29978,FALSE,,UBQLN2,Chap1,FALSE
HGNC:18133,ENSG00000135090,GENE ID:51347,FALSE,,TAOK3,hKFC-A,FALSE
HGNC:26435,"ENSG00000276914, ENSG00000133393",GENE ID:123811,FALSE,,CEP20,FOR20,FALSE
HGNC:28393,ENSG00000158792,GENE ID:124044,FALSE,,SPATA2L,tamo,FALSE
HGNC:21390,ENSG00000203877,GENE ID:134701,FALSE,,RIPPLY2,dJ237I15.1,FALSE
HGNC:54867,ENSG00000253712,set(),FALSE,,LINC02886,RP11-697M17.1,FALSE
HGNC:29608,ENSG00000147649,GENE ID:92140,FALSE,,MTDH,LYRIC,FALSE
HGNC:20367,ENSG00000073910,GENE ID:10129,FALSE,,FRY,BA37E23.1,FALSE
HGNC:24356,ENSG00000165682,GENE ID:51266,FALSE,,CLEC1B,1810061I13Rik,FALSE
HGNC:11345,ENSG00000122707,GENE ID:8434,FALSE,,RECK,hRECK,TRUE
HGNC:50627,ENSG00000260887,"GENE ID:107983961, GENE ID:283854",FALSE,,CASC22,TCONS_00024290,FALSE
HGNC:36869,ENSG00000219755,GENE ID:100131956,FALSE,,RPS3P5,RPS3_2_726,FALSE
HGNC:15985,ENSG00000165124,GENE ID:79987,FALSE,,SVEP1,SELOB,FALSE
HGNC:19016,ENSG00000166326,GENE ID:54765,FALSE,,TRIM44,HSA249128,FALSE
HGNC:36798,set(),GENE ID:100271022,FALSE,,RPL39P11,RPL39_3_134,FALSE
HGNC:14372,ENSG00000142186,GENE ID:57410,FALSE,,SCYL1,HT019,FALSE
HGNC:9823,ENSG00000185379,GENE ID:5892,FALSE,,RAD51D,HsTRAD,FALSE
HGNC:1555,ENSG00000094916,GENE ID:23468,FALSE,,CBX5,HEL25,FALSE
HGNC:9309,ENSG00000066027,GENE ID:5525,FALSE,,PPP2R5A,B56ALPHA,FALSE
HGNC:30290,ENSG00000115137,GENE ID:51277,FALSE,,DNAJC27,RABJS,FALSE
HGNC:24748,ENSG00000175984,GENE ID:163259,FALSE,,DENND2C,dJ1156J9.1,FALSE
HGNC:18001,ENSG00000130204,GENE ID:10452,FALSE,,TOMM40,PEREC1,FALSE
HGNC:18475,ENSG00000188706,GENE ID:51114,FALSE,,ZDHHC9,ZNF379,FALSE
HGNC:17851,ENSG00000076043,GENE ID:25996,FALSE,,REXO2,RFN,FALSE
HGNC:9564,ENSG00000163636,GENE ID:9861,FALSE,,PSMD6,p44S10,FALSE
HGNC:16412,ENSG00000091106,GENE ID:58484,FALSE,,NLRC4,CLANA,FALSE
HGNC:6903,ENSG00000151224,GENE ID:4143,FALSE,,MAT1A,SAMS1,FALSE
HGNC:23068,ENSG00000196459,GENE ID:6399,FALSE,,TRAPPC2,ZNF547L,FALSE
HGNC:28669,ENSG00000198870,GENE ID:169436,FALSE,,STKLD1,Sk521,FALSE
HGNC:30757,ENSG00000145087,GENE ID:9515,FALSE,,STXBP5L,TOMOSYN-2,FALSE
HGNC:33719,ENSG00000188807,GENE ID:199953,FALSE,,TMEM201,RP13-15M17.2,FALSE
HGNC:4606,ENSG00000167004,GENE ID:2923,FALSE,,PDIA3,HEL-S-93n,FALSE
HGNC:16641,ENSG00000176358,GENE ID:255061,FALSE,,TAC4,HK1,FALSE
HGNC:330,ENSG00000159723,GENE ID:181,FALSE,,AGRP,ASIP2,FALSE
HGNC:56665,ENSG00000231412,GENE ID:128193286,FALSE,,LINC03078,AC005392.2,FALSE
HGNC:3537,ENSG00000181104,GENE ID:2149,FALSE,,F2R,PAR1,FALSE
HGNC:8406,ENSG00000226537,GENE ID:26640,FALSE,,OR7E33P,hg688,FALSE
HGNC:9566,ENSG00000099341,GENE ID:5714,FALSE,,PSMD8,S14,FALSE
HGNC:12195,"ENSG00000226660, ENSG00000282568",GENE ID:28620,FALSE,,TRBV2,TCRBV22S1A2N1T,FALSE
HGNC:5951,ENSG00000182985,GENE ID:23705,FALSE,,CADM1,NECL-2,FALSE
HGNC:4872,ENSG00000230267,GENE ID:100289574,FALSE,,HERC2P4,D16F37S5,FALSE
HGNC:36733,ENSG00000236264,GENE ID:653147,FALSE,,RPL26P30,RPL26_10_1113,FALSE
HGNC:4516,ENSG00000173698,GENE ID:10149,FALSE,,ADGRG2,HE6,FALSE
HGNC:3167,ENSG00000213694,GENE ID:1903,FALSE,,S1PR3,EDG-3,FALSE
HGNC:14558,ENSG00000172243,GENE ID:64581,FALSE,,CLEC7A,DECTIN1,FALSE
HGNC:11958,ENSG00000183495,GENE ID:57634,FALSE,,EP400,CAGH32,FALSE
HGNC:5409,ENSG00000119922,GENE ID:3433,FALSE,,IFIT2,cig42,FALSE
HGNC:20182,ENSG00000029364,GENE ID:55334,FALSE,,SLC39A9,ZIP-9,FALSE
HGNC:32419,ENSG00000183054,GENE ID:729540,FALSE,,RGPD6,RanBP2L2,FALSE
HGNC:48,ENSG00000131269,GENE ID:22,FALSE,,ABCB7,Atm1p,FALSE
HGNC:36791,set(),GENE ID:100271646,FALSE,,RPL36AP43,RPL36A_21_1460,FALSE
HGNC:7505,ENSG00000236675,GENE ID:4581,FALSE,,MTX1LP,psMTX,FALSE
HGNC:24845,ENSG00000135631,GENE ID:26056,FALSE,,RAB11FIP5,pp75,FALSE
HGNC:10924,ENSG00000141526,GENE ID:9123,FALSE,,SLC16A3,MCT3,FALSE
HGNC:16091,ENSG00000154930,GENE ID:84532,FALSE,,ACSS1,ACECS2L,FALSE
HGNC:30422,ENSG00000138771,GENE ID:57619,FALSE,,SHROOM3,APXL3,FALSE
HGNC:28789,ENSG00000133872,GENE ID:51669,FALSE,,SARAF,HSPC035,FALSE
HGNC:978,ENSG00000107949,GENE ID:56647,FALSE,,BCCIP,BCCIPalpha,FALSE
HGNC:16487,ENSG00000184060,GENE ID:55803,FALSE,,ADAP2,HSA272195,FALSE
HGNC:10201,"ENSG00000283671, ENSG00000207047",GENE ID:26798,FALSE,,SNORD51,U51,FALSE
HGNC:40495,ENSG00000223442,GENE ID:101927761,FALSE,,TH2LCRR,TH2-LCR,TRUE
HGNC:9003,ENSG00000110697,GENE ID:9600,FALSE,,PITPNM1,RDGB1,FALSE
HGNC:11439,ENSG00000103496,GENE ID:6810,FALSE,,STX4,P35-2,FALSE
HGNC:12474,ENSG00000072401,GENE ID:7321,FALSE,,UBE2D1,UBCH5,FALSE
HGNC:13239,ENSG00000166979,GENE ID:59271,FALSE,,EVA1C,B19,FALSE
HGNC:13257,ENSG00000111729,GENE ID:50856,FALSE,,CLEC4A,HDCGC13P,FALSE
HGNC:27230,ENSG00000171320,GENE ID:157570,FALSE,,ESCO2,EFO2p,FALSE
HGNC:17789,ENSG00000148943,GENE ID:55327,FALSE,,LIN7C,VELI3,FALSE
HGNC:30912,ENSG00000127578,GENE ID:117166,FALSE,,WFIKKN1,WFIKKN,TRUE
HGNC:6295,ENSG00000269821,GENE ID:10984,FALSE,,KCNQ1OT1,LIT1,FALSE
HGNC:1787,ENSG00000147889,GENE ID:1029,FALSE,,CDKN2A,p16INK4a,FALSE
HGNC:2638,ENSG00000106258,GENE ID:1577,FALSE,,CYP3A5,PCN3,FALSE
HGNC:12557,ENSG00000147854,GENE ID:115426,FALSE,,UHRF2,URF2,TRUE
HGNC:24330,ENSG00000166569,GENE ID:339302,FALSE,,CPLX4,CPX-IV,TRUE
HGNC:9545,"ENSG00000206298, ENSG00000230034, ENSG00000236443, ENSG00000230669, ENSG00000235715, ENSG00000231631, ENSG00000204264, ENSG00000226201",GENE ID:5696,FALSE,,PSMB8,D6S216E,FALSE
HGNC:48574,ENSG00000214145,GENE ID:100131551,FALSE,,LINC00887,ACLY-BP,FALSE
HGNC:17634,ENSG00000108256,GENE ID:57532,FALSE,,NUFIP2,82-FIP,FALSE
HGNC:4800,ENSG00000072506,GENE ID:3028,FALSE,,HSD17B10,SCHAD,FALSE
HGNC:6986,ENSG00000124733,GENE ID:4201,FALSE,,MEA1,HYS,FALSE
HGNC:14508,ENSG00000175110,GENE ID:56945,FALSE,,MRPS22,MS22,TRUE
HGNC:49,ENSG00000197150,GENE ID:11194,FALSE,,ABCB8,MITOSUR,FALSE
HGNC:19336,ENSG00000146414,GENE ID:257218,FALSE,,SHPRH,BA545I5.2,FALSE
HGNC:36704,set(),GENE ID:100131866,FALSE,,RPS2P9,RPS2_5_144,FALSE
HGNC:28128,ENSG00000179029,GENE ID:84314,FALSE,,TMEM107,GRVS638,FALSE
HGNC:28296,ENSG00000119333,GENE ID:89891,FALSE,,DYNC2I2,bA216B9.3,FALSE
HGNC:32751,ENSG00000212447,GENE ID:692206,FALSE,,SNORD90,HBII-295,FALSE
HGNC:6914,ENSG00000103495,GENE ID:4150,FALSE,,MAZ,ZIF87,FALSE
HGNC:32522,"ENSG00000182487, ENSG00000290838",GENE ID:654816,FALSE,,NCF1B,SH3PXD1B,FALSE
HGNC:6525,ENSG00000160349,GENE ID:3933,FALSE,,LCN1,TP,FALSE
HGNC:17284,ENSG00000128513,GENE ID:25913,FALSE,,POT1,hPot1,TRUE
HGNC:28073,ENSG00000178381,GENE ID:90637,FALSE,,ZFAND2A,AIRAP,FALSE
HGNC:16687,ENSG00000184708,GENE ID:56478,FALSE,,EIF4ENIF1,4E-T,TRUE
HGNC:19783,set(),GENE ID:122449,FALSE,,RPS29P1,RPS29_5_1384,FALSE
HGNC:11772,ENSG00000106799,GENE ID:7046,FALSE,,TGFBR1,TGFR-1,TRUE
HGNC:10963,ENSG00000175003,GENE ID:6580,FALSE,,SLC22A1,HOCT1,FALSE
HGNC:24612,ENSG00000074356,GENE ID:55421,FALSE,,NCBP3,ELG,FALSE
HGNC:32625,ENSG00000208839,GENE ID:677816,FALSE,,SNORA35,HBI-36,FALSE
HGNC:21238,ENSG00000172738,GENE ID:221468,FALSE,,TMEM217,DJ355M6.2,FALSE
HGNC:5880,ENSG00000211648,GENE ID:28822,FALSE,,IGLV1-47,V1-17,FALSE
HGNC:12820,ENSG00000148300,GENE ID:57109,FALSE,,REXO4,XPMC2,FALSE
HGNC:6345,ENSG00000105610,GENE ID:10661,FALSE,,KLF1,EKLF/KLF1,FALSE
HGNC:18697,ENSG00000112249,GENE ID:10973,FALSE,,ASCC3,DJ121G13.4,FALSE
HGNC:7729,ENSG00000168385,GENE ID:4735,FALSE,,SEPTIN2,Pnutl3,FALSE
HGNC:16113,ENSG00000235214,set(),FALSE,,FAM83C-AS1,DJ614O4.3,FALSE
HGNC:13221,ENSG00000119866,GENE ID:53335,FALSE,,BCL11A,SMARCM1,FALSE
HGNC:10009,ENSG00000187010,GENE ID:6007,FALSE,,RHD,RHPII,FALSE
HGNC:21578,ENSG00000137393,GENE ID:255488,FALSE,,RNF144B,PIR2,FALSE
HGNC:17820,ENSG00000122643,GENE ID:51251,FALSE,,NT5C3A,P36,FALSE
HGNC:21317,ENSG00000141627,GENE ID:54808,FALSE,,DYM,SMC,FALSE
HGNC:9366,ENSG00000231887,GENE ID:5554,FALSE,,PRH1,Pr1/Pr2,FALSE
HGNC:8230,"ENSG00000285071, ENSG00000221989",GENE ID:442361,FALSE,,OR2A2,OST008,FALSE
HGNC:30880,ENSG00000122873,GENE ID:55847,FALSE,,CISD1,MITONEET,FALSE
HGNC:7985,ENSG00000148200,GENE ID:2649,FALSE,,NR6A1,GCNF1,FALSE
HGNC:7973,ENSG00000112333,GENE ID:7101,FALSE,,NR2E1,XTLL,FALSE
HGNC:15919,ENSG00000101473,GENE ID:10005,FALSE,,ACOT8,NAP1,FALSE
HGNC:9163,ENSG00000168081,GENE ID:5368,FALSE,,PNOC,N/OFQ,FALSE
HGNC:8944,ENSG00000197641,GENE ID:5275,FALSE,,SERPINB13,HUR7,FALSE
HGNC:2568,ENSG00000013619,GENE ID:10046,FALSE,,MAMLD1,CG1,FALSE
HGNC:28613,ENSG00000167077,GENE ID:150365,FALSE,,MEI1,SPATA38,FALSE
HGNC:30802,ENSG00000177666,GENE ID:57104,FALSE,,PNPLA2,TTS-2.2,FALSE
HGNC:32605,"ENSG00000280498, ENSG00000274582",GENE ID:692073,FALSE,,SNORA16A,ACA16,TRUE
HGNC:21044,ENSG00000090975,GENE ID:57605,FALSE,,PITPNM2,RDGBA2,FALSE
HGNC:14875,ENSG00000132704,GENE ID:79368,FALSE,,FCRL2,FCRH2,FALSE
HGNC:17005,ENSG00000136110,GENE ID:11061,FALSE,,CNMD,CHM-I,FALSE
HGNC:10914,ENSG00000140199,GENE ID:9990,FALSE,,SLC12A6,KCC3B,FALSE
HGNC:20218,"ENSG00000275947, ENSG00000153485",GENE ID:26175,FALSE,,LYSET,GCAF,FALSE
HGNC:4666,ENSG00000119041,GENE ID:9330,FALSE,,GTF3C3,TFIIIC2-102,FALSE
HGNC:8574,ENSG00000007168,GENE ID:5048,FALSE,,PAFAH1B1,LIS2,FALSE
HGNC:2464,ENSG00000038427,GENE ID:1462,FALSE,,VCAN,GHAP,FALSE
HGNC:35015,set(),GENE ID:100189445,FALSE,,NMTRQ-TTG7-1,nmt-tRNA-Gln-TTG-7-1,TRUE
HGNC:13328,ENSG00000152778,GENE ID:24138,FALSE,,IFIT5,RI58,FALSE
HGNC:10932,ENSG00000146039,GENE ID:10050,FALSE,,SLC17A4,KAIA2138,FALSE
HGNC:23994,"ENSG00000292301, ENSG00000104626",GENE ID:90459,FALSE,,ERI1,3'HEXO,FALSE
HGNC:32621,ENSG00000199477,GENE ID:677814,FALSE,,SNORA31,ACA31,TRUE
HGNC:21773,ENSG00000204022,GENE ID:142910,FALSE,,LIPJ,BA425M17.2,FALSE
HGNC:36092,set(),GENE ID:100128162,FALSE,,RPS6P7,RPS6_3_716,FALSE
HGNC:30215,ENSG00000183742,GENE ID:346389,FALSE,,MACC1,SH3BP4L,FALSE
HGNC:30715,ENSG00000215148,GENE ID:360226,FALSE,,PRSS41,TESSP1,FALSE
HGNC:13525,ENSG00000242950,GENE ID:30816,FALSE,,ERVW-1,HERV-7Q,FALSE
HGNC:318,ENSG00000038002,GENE ID:175,FALSE,,AGA,ASRG,TRUE
HGNC:18076,ENSG00000182196,GENE ID:51329,FALSE,,ARL6IP4,SRrp37,FALSE
HGNC:49757,ENSG00000249550,GENE ID:100506465,FALSE,,LINC01234,onco-lncRNA-32,FALSE
HGNC:4555,ENSG00000211445,GENE ID:2878,FALSE,,GPX3,GSHPx-3,TRUE
HGNC:16046,ENSG00000115446,GENE ID:25972,FALSE,,UNC50,UNCL,FALSE
HGNC:6154,ENSG00000147166,GENE ID:26548,FALSE,,ITGB1BP2,ITGB1BP,TRUE
HGNC:2235,ENSG00000067082,GENE ID:1316,FALSE,,KLF6,ZF9,FALSE
HGNC:18656,ENSG00000124784,GENE ID:83732,FALSE,,RIOK1,AD034,FALSE
HGNC:16272,ENSG00000196782,GENE ID:55534,FALSE,,MAML3,ERDA3,FALSE
HGNC:975,ENSG00000116752,GENE ID:10286,FALSE,,BCAS2,SPF27,FALSE
HGNC:25878,ENSG00000135362,GENE ID:79899,FALSE,,PRR5L,PROTOR-2,FALSE
HGNC:28727,ENSG00000184831,GENE ID:79135,FALSE,,APOO,MIC23,FALSE
HGNC:51151,ENSG00000254784,GENE ID:100420589,TRUE,Previous Symbol,DNAAF11P1,LRRC6P1,FALSE
HGNC:9977,ENSG00000128250,GENE ID:5988,TRUE,Prefix Gene Group Symbol,RFPL1,RNF78,FALSE
HGNC:15861,ENSG00000101452,GENE ID:60625,TRUE,Clone Symbol,DHX35,FLJ22759,FALSE
HGNC:2372,ENSG00000112282,GENE ID:9439,TRUE,Ortholog Symbol,MED23,#NAME?,FALSE
HGNC:38969,set(),GENE ID:100500916,TRUE,Gene Identifier Symbol,MIR3180-5,hsa-mir-3180-5,FALSE
HGNC:31526,ENSG00000272036,GENE ID:406931,TRUE,"Previous Symbol, Prefix Gene Group Symbol, Withdrawn MGI Symbol",MIR139,MIRN139,TRUE
HGNC:5284,ENSG00000205649,GENE ID:3347,TRUE,Prefix Gene Group Symbol,HTN3,HTN5,FALSE
HGNC:17751,ENSG00000146215,GENE ID:401262,TRUE,Withdrawn MGI Symbol,CRIP3,TLP,FALSE
HGNC:31452,ENSG00000153714,GENE ID:286343,TRUE,Placeholder Symbol,LURAP1L,MGC46502,FALSE
HGNC:38266,ENSG00000265657,GENE ID:100422992,TRUE,Prefix Gene Group Symbol,MIR3151,mir-3151,TRUE
HGNC:24679,ENSG00000108306,GENE ID:84961,TRUE,Placeholder Symbol,FBXL20,MGC15482,FALSE
HGNC:26097,ENSG00000167987,GENE ID:55048,TRUE,Clone Symbol,VPS37C,FLJ20847,FALSE
HGNC:17513,ENSG00000103942,GENE ID:9455,TRUE,Prefix Condition Symbol,HOMER2,DFNA68,FALSE
HGNC:11540,ENSG00000106290,GENE ID:6878,TRUE,Prefix Gene Group Symbol,TAF6,TAF(II)80,FALSE
HGNC:25722,ENSG00000181026,GENE ID:64782,TRUE,Clone Symbol,AEN,FLJ12562,FALSE
HGNC:16843,"ENSG00000293529, ENSG00000150175",GENE ID:728798,TRUE,"Previous Symbol, Prefix Gene Group Symbol",FRMPD2B,PDZD5A,FALSE
HGNC:42171,ENSG00000232928,GENE ID:100133180,TRUE,Previous Symbol,DDX3P1,DDX3YP1,FALSE
HGNC:18949,ENSG00000227840,GENE ID:337981,TRUE,"Previous Symbol, Prefix Gene Group Symbol",KRTAP8-3P,KRTAP8P2,FALSE
HGNC:10039,ENSG00000263740,GENE ID:6030,TRUE,Previous Symbol,RN7SL4P,RN7SL427P,FALSE
HGNC:4162,ENSG00000106105,GENE ID:2617,TRUE,"Previous Symbol, Prefix Condition Symbol",GARS1,CMT2D,FALSE
HGNC:20188,ENSG00000165506,GENE ID:55172,TRUE,"Previous Symbol, Placeholder Symbol",DNAAF2,C14ORF104,FALSE
HGNC:35372,ENSG00000283867,GENE ID:100302174,TRUE,Gene Identifier Symbol,MIR1307,HSA-MIR-1307,FALSE
HGNC:33270,ENSG00000228836,GENE ID:441521,TRUE,Prefix Gene Group Symbol,CT45A5,CT45-4,FALSE
HGNC:6210,ENSG00000085117,GENE ID:3732,TRUE,"Previous Symbol, Withdrawn MGI Symbol",CD82,KAI1,FALSE
HGNC:2300,ENSG00000080618,GENE ID:1361,TRUE,Prefix Gene Group Symbol,CPB2,CPU,FALSE
HGNC:21290,ENSG00000171611,GENE ID:171558,TRUE,Prefix Condition Symbol,PTCRA,IMD126,FALSE
HGNC:8680,"ENSG00000171815, ENSG00000291669",GENE ID:29930,TRUE,Prefix Gene Group Symbol,PCDHB1,PCDH-BETA1,TRUE
HGNC:29602,ENSG00000162493,GENE ID:10630,TRUE,Previous Symbol,PDPN,HT1A-1,FALSE
HGNC:18869,ENSG00000179168,GENE ID:199720,TRUE,Placeholder Symbol,GGN,MGC33369,FALSE
HGNC:8609,ENSG00000140694,GENE ID:5073,TRUE,Prefix Condition Symbol,PARN,DKCB6,FALSE
HGNC:28404,ENSG00000213047,GENE ID:163486,TRUE,"Previous Symbol, Placeholder Symbol",DENND1B,FAM31B,FALSE
HGNC:17008,ENSG00000163781,GENE ID:11073,TRUE,Ortholog Symbol,TOPBP1,DPB11,FALSE
HGNC:31577,ENSG00000283762,GENE ID:406982,TRUE,Prefix Gene Group Symbol,MIR20A,miR-20,TRUE
HGNC:25338,ENSG00000139200,GENE ID:196500,TRUE,Placeholder Symbol,PIANP,DKFZP547D2210,FALSE
HGNC:7157,"ENSG00000099953, ENSG00000275365",GENE ID:4320,TRUE,"Previous Symbol, Withdrawn MGI Symbol",MMP11,STMY3,FALSE
HGNC:32615,ENSG00000207112,GENE ID:684959,TRUE,Prefix Gene Group Symbol,SNORA25,SNORA25A,FALSE
HGNC:26686,ENSG00000178796,GENE ID:284485,TRUE,"Previous Symbol, Placeholder Symbol",RIIAD1,C1orf230,FALSE
HGNC:5047,ENSG00000125944,GENE ID:10236,TRUE,Prefix Condition Symbol,HNRNPR,NEDDFSB,FALSE
HGNC:23159,ENSG00000119523,GENE ID:85365,TRUE,Clone Symbol,ALG2,FLJ14511,FALSE
HGNC:24049,ENSG00000167311,GENE ID:116969,TRUE,Prefix Gene Group Symbol,ART5,ARTC5,FALSE
HGNC:589,ENSG00000057663,GENE ID:9474,TRUE,Prefix Condition Symbol,ATG5,SCAR25,FALSE
HGNC:11209,ENSG00000105866,GENE ID:6671,TRUE,Placeholder Symbol,SP4,MGC130009,FALSE
HGNC:4789,ENSG00000278705,GENE ID:8366,TRUE,Prefix Gene Group Symbol,H4C2,H4C3,FALSE
HGNC:34981,set(),GENE ID:100189412,TRUE,"Previous Symbol, Prefix Gene Group Symbol",TRD-GTC2-1,TRNAD18,FALSE
HGNC:25076,ENSG00000142794,GENE ID:84224,TRUE,Withdrawn MGI Symbol,NBPF3,AE2,FALSE
HGNC:4931,ENSG00000206503,GENE ID:3105,TRUE,Prefix Gene Group Symbol,HLA-A,HLAA,TRUE
HGNC:20014,ENSG00000180189,GENE ID:319130,TRUE,Previous Symbol,HMGB1P14,HMGB1L14,TRUE
HGNC:24931,ENSG00000126970,GENE ID:55906,TRUE,Prefix Condition Symbol,ZC4H2,WRWFFR,FALSE
HGNC:34682,set(),GENE ID:100189120,TRUE,Prefix Gene Group Symbol,TRD-GTC2-5,tRNA-Asp-GTC-2-5,TRUE
HGNC:7602,ENSG00000197535,GENE ID:4644,TRUE,Previous Symbol,MYO5A,MYH12,FALSE
HGNC:25335,ENSG00000167257,GENE ID:257160,TRUE,Placeholder Symbol,RNF214,DKFZp547C195,FALSE
HGNC:43334,ENSG00000252456,GENE ID:100873684,TRUE,Previous Symbol,RNA5SP434,RN5S434,FALSE
HGNC:431,ENSG00000264958,GENE ID:243,TRUE,"Previous Symbol, Withdrawn MGI Symbol",ALOX12P1,ALOX12P,FALSE
HGNC:41643,set(),GENE ID:100616386,TRUE,Gene Identifier Symbol,MIR4654,hsa-mir-4654,FALSE
HGNC:42015,ENSG00000238086,GENE ID:100418740,TRUE,"Previous Symbol, Placeholder Symbol",PPP1R26P1,KIAA0649P1,FALSE
HGNC:4790,ENSG00000276966,GENE ID:8367,TRUE,Prefix Condition Symbol,H4C5,TEBIVANED3,FALSE
HGNC:25792,ENSG00000103005,GENE ID:79650,TRUE,"Previous Symbol, Placeholder Symbol",USB1,C16ORF57,FALSE
HGNC:18885,ENSG00000221937,GENE ID:259286,TRUE,Previous Symbol,TAS2R40,GPR60,FALSE
HGNC:6416,ENSG00000186847,GENE ID:3861,TRUE,Prefix Condition Symbol,KRT14,EBS1B,FALSE
HGNC:28270,ENSG00000198858,GENE ID:91300,TRUE,"Previous Symbol, Placeholder Symbol",R3HDM4,C19ORF22,FALSE
HGNC:3437,ENSG00000134899,GENE ID:2073,TRUE,"Prefix Gene Group Symbol, Prefix Condition Symbol, Withdrawn MGI Symbol",ERCC5,XPG,FALSE
HGNC:41909,ENSG00000243317,GENE ID:647087,TRUE,"Previous Symbol, Placeholder Symbol",STMP1,C7orf73,FALSE
HGNC:34768,set(),GENE ID:100189205,TRUE,Prefix Gene Group Symbol,TRS-CGA3-1,tRNA-Ser-CGA-3-1,TRUE
HGNC:6898,ENSG00000166986,GENE ID:4141,TRUE,Prefix Condition Symbol,MARS1,SPG70,FALSE
HGNC:4193,ENSG00000131979,GENE ID:2643,TRUE,"Previous Symbol, Prefix Condition Symbol",GCH1,DYT5,FALSE
HGNC:11950,"ENSG00000288250, ENSG00000130595",GENE ID:7140,TRUE,Placeholder Symbol,TNNT3,DKFZP779M2348,FALSE
HGNC:20246,ENSG00000129472,GENE ID:84932,TRUE,Clone Symbol,RAB2B,FLJ14824,FALSE
HGNC:4113,ENSG00000178950,GENE ID:2580,TRUE,Prefix Gene Group Symbol,GAK,DNAJC26,FALSE
HGNC:26341,ENSG00000172073,GENE ID:200523,TRUE,"Previous Symbol, Placeholder Symbol",SPMIP9,C2ORF51,FALSE
HGNC:16935,ENSG00000197548,GENE ID:10533,TRUE,Placeholder Symbol,ATG7,DKFZP434N0735,FALSE
HGNC:38178,set(),GENE ID:100423041,TRUE,Gene Identifier Symbol,MIR4296,hsa-mir-4296,FALSE
HGNC:8182,ENSG00000221888,GENE ID:26188,TRUE,Prefix Gene Group Symbol,OR1C1,ORL211,FALSE
HGNC:2895,ENSG00000135960,GENE ID:10913,TRUE,Prefix Condition Symbol,EDAR,EDA1R,FALSE
HGNC:32896,ENSG00000207821,GENE ID:693225,TRUE,Gene Identifier Symbol,MIR640,HSA-MIR-640,FALSE
HGNC:35342,ENSG00000221537,GENE ID:100313830,TRUE,Gene Identifier Symbol,MIR548H1,HSA-MIR-548H-1,FALSE
HGNC:52930,ENSG00000267123,GENE ID:101928710,TRUE,Previous Symbol,SCAT1,LINC02081,FALSE
HGNC:37217,ENSG00000233802,GENE ID:729384,TRUE,"Previous Symbol, Prefix Gene Group Symbol",TRIM49D2,TRIM49D2P,FALSE
HGNC:15664,ENSG00000102595,GENE ID:55757,TRUE,"Previous Symbol, Clone Symbol",UGGT2,FLJ11485,FALSE
HGNC:28682,ENSG00000181007,GENE ID:284406,TRUE,"Previous Symbol, Placeholder Symbol",ZFP82,KIAA1948,FALSE
HGNC:7127,ENSG00000076242,GENE ID:4292,TRUE,Prefix Condition Symbol,MLH1,MMRCS1,FALSE
HGNC:3308,ENSG00000139610,GENE ID:1990,TRUE,"Previous Symbol, Withdrawn MGI Symbol",CELA1,ELA1,FALSE
HGNC:17780,ENSG00000169067,GENE ID:345651,TRUE,Prefix Gene Group Symbol,ACTBL2,ACT,FALSE
HGNC:2206,ENSG00000081052,GENE ID:1286,TRUE,Prefix Condition Symbol,COL4A4,BFH,FALSE
HGNC:24466,ENSG00000182253,GENE ID:23336,TRUE,Withdrawn MGI Symbol,SYNM,SYN,TRUE
HGNC:38962,ENSG00000283874,GENE ID:100500872,TRUE,Gene Identifier Symbol,MIR3911,HSA-MIR-3911,FALSE
HGNC:3009,ENSG00000197635,GENE ID:1803,TRUE,Previous Symbol,DPP4,ADCP2,FALSE
HGNC:16705,ENSG00000112941,GENE ID:11044,TRUE,"Previous Symbol, Withdrawn MGI Symbol",TENT4A,POLS,FALSE
HGNC:7191,ENSG00000260347,GENE ID:27187,TRUE,Previous Symbol,MOCS1P1,MOCS1P2,FALSE
HGNC:28668,ENSG00000181798,GENE ID:151477,TRUE,"Previous Symbol, Placeholder Symbol",LINC00471,C2orf52,FALSE
HGNC:38866,ENSG00000250709,GENE ID:100526761,TRUE,Previous Symbol,CCDC169-SOHLH2,C13orf38-SOHLH2,FALSE
HGNC:1382,ENSG00000178538,GENE ID:767,TRUE,"Previous Symbol, Prefix Gene Group Symbol",CA8,CALS,FALSE
HGNC:5969,ENSG00000168811,GENE ID:3592,TRUE,"Prefix Gene Group Symbol, Withdrawn MGI Symbol",IL12A,IL-12A,TRUE
HGNC:23459,ENSG00000188234,GENE ID:119016,TRUE,Previous Symbol,AGAP4,CTGLF5,FALSE
HGNC:14556,ENSG00000205846,GENE ID:93978,TRUE,"Ortholog Symbol, Prefix Gene Group Symbol",CLEC6A,CLEC4N,FALSE
HGNC:6399,ENSG00000025800,GENE ID:23633,TRUE,Prefix Gene Group Symbol,KPNA6,IPOA7,FALSE
HGNC:27882,ENSG00000247151,GENE ID:338739,TRUE,Previous Symbol,CSTF3-DT,CSTF3-AS1,FALSE
HGNC:20266,ENSG00000120697,GENE ID:29880,TRUE,Prefix Condition Symbol,ALG5,PKD7,FALSE
HGNC:20152,ENSG00000136367,GENE ID:85446,TRUE,"Previous Symbol, Prefix Gene Group Symbol",ZFHX2,ZNF409,FALSE
HGNC:32792,ENSG00000199109,GENE ID:693121,TRUE,"Previous Symbol, Prefix Gene Group Symbol, Withdrawn MGI Symbol",MIR411,MIRN411,TRUE
HGNC:21901,ENSG00000203721,GENE ID:554279,TRUE,"Previous Symbol, Placeholder Symbol",LINC00862,C1orf98,FALSE
HGNC:24641,ENSG00000103544,GENE ID:57020,TRUE,"Previous Symbol, Ortholog Symbol, Placeholder Symbol",VPS35L,C16ORF62,FALSE
HGNC:18637,ENSG00000243910,GENE ID:80086,TRUE,Clone Symbol,TUBA4B,FLJ13940,FALSE
HGNC:14248,ENSG00000099917,GENE ID:51586,TRUE,Previous Symbol,MED15,TNRC7,FALSE
HGNC:31558,ENSG00000207797,GENE ID:406963,TRUE,"Previous Symbol, Prefix Gene Group Symbol, Withdrawn MGI Symbol",MIR187,MIRN187,TRUE
HGNC:25900,ENSG00000119280,GENE ID:84886,TRUE,Placeholder Symbol,C1orf198,DKFZP667D152,FALSE
HGNC:32076,ENSG00000207609,GENE ID:574444,TRUE,Prefix Gene Group Symbol,MIR491,mir-491,TRUE
HGNC:43476,set(),GENE ID:100847042,TRUE,Gene Identifier Symbol,MIR5572,hsa-mir-5572,FALSE
HGNC:31647,ENSG00000207807,GENE ID:407052,TRUE,"Previous Symbol, Prefix Gene Group Symbol",MIR95,MIRN95,TRUE
HGNC:11630,ENSG00000275410,GENE ID:6928,TRUE,Previous Symbol,HNF1B,HPC11,FALSE
HGNC:28324,ENSG00000167664,GENE ID:126259,TRUE,Placeholder Symbol,TMIGD2,MGC23244,FALSE
HGNC:23512,ENSG00000166024,GENE ID:27291,TRUE,"Previous Symbol, Placeholder Symbol",R3HCC1L,C10orf28,FALSE
HGNC:32847,ENSG00000208025,GENE ID:693176,TRUE,Gene Identifier Symbol,MIR591,HSA-MIR-591,FALSE
HGNC:7785,ENSG00000147862,GENE ID:4781,TRUE,Prefix Gene Group Symbol,NFIB,NFIB3,FALSE
HGNC:23304,ENSG00000165828,GENE ID:118471,TRUE,Withdrawn MGI Symbol,PRAP1,UPA,FALSE
HGNC:20341,ENSG00000175048,GENE ID:79683,TRUE,Clone Symbol,ZDHHC14,FLJ20984,FALSE
HGNC:32159,ENSG00000148824,GENE ID:92170,TRUE,"Previous Symbol, Withdrawn MGI Symbol",MTG1,GTPBP7,FALSE
HGNC:13841,ENSG00000112414,GENE ID:57211,TRUE,Prefix Condition Symbol,ADGRG6,LCCS9,FALSE
HGNC:1366,"ENSG00000160323, ENSG00000281244",GENE ID:11093,TRUE,"Prefix Condition Symbol, Withdrawn MGI Symbol",ADAMTS13,TTP,FALSE
HGNC:12370,ENSG00000106477,GENE ID:95681,TRUE,Clone Symbol,CEP41,FLJ22445,FALSE
HGNC:32065,ENSG00000199092,GENE ID:574434,TRUE,"Previous Symbol, Prefix Gene Group Symbol, Withdrawn MGI Symbol",MIR410,MIRN410,TRUE
HGNC:17039,ENSG00000182087,GENE ID:91304,TRUE,"Previous Symbol, Placeholder Symbol",TMEM259,C19orf6,FALSE
HGNC:26194,ENSG00000275074,GENE ID:79873,TRUE,Clone Symbol,NUDT18,FLJ22494,FALSE
HGNC:1514,ENSG00000036828,GENE ID:846,TRUE,Previous Symbol,CASR,HHC,FALSE
HGNC:8258,ENSG00000237988,GENE ID:442197,TRUE,"Previous Symbol, Prefix Gene Group Symbol",OR2I1,OR2I6,FALSE
HGNC:27606,ENSG00000176472,GENE ID:284346,TRUE,Clone Symbol,ZNF575,FLJ32567,FALSE
HGNC:9969,ENSG00000035928,GENE ID:5981,TRUE,Withdrawn MGI Symbol,RFC1,RECC1,FALSE
HGNC:6138,ENSG00000005961,GENE ID:3674,TRUE,Prefix Condition Symbol,ITGA2B,GT1,FALSE
HGNC:10982,"ENSG00000292099, ENSG00000115840",GENE ID:8604,TRUE,Ortholog Symbol,SLC25A12,ARALAR1,FALSE
HGNC:25945,ENSG00000185305,GENE ID:54622,TRUE,Clone Symbol,ARLć15.00,FLJ20051,FALSE
HGNC:4250,ENSG00000100031,GENE ID:2678,TRUE,"Prefix Gene Group Symbol, Gene Identifier Symbol",GGT1,CD224,FALSE
HGNC:9956,ENSG00000104856,GENE ID:5971,TRUE,Prefix Condition Symbol,RELB,IMD53,FALSE
HGNC:53,ENSG00000023839,GENE ID:1244,TRUE,Prefix Gene Group Symbol,ABCC2,ABC30,FALSE
HGNC:17165,ENSG00000100109,GENE ID:24144,TRUE,Ortholog Symbol,TFIP11,STIP-1,FALSE
HGNC:3712,ENSG00000119782,GENE ID:2281,TRUE,Prefix Gene Group Symbol,FKBP1B,FKBP9,FALSE
HGNC:20449,ENSG00000276747,GENE ID:353238,TRUE,Prefix Condition Symbol,PADI6,PREMBL2,FALSE
HGNC:12269,ENSG00000213689,GENE ID:11277,TRUE,Prefix Condition Symbol,TREX1,RVCLS,FALSE
HGNC:11930,ENSG00000125735,GENE ID:8740,TRUE,"Prefix Gene Group Symbol, Gene Identifier Symbol",TNFSF14,CD258,FALSE
HGNC:13243,ENSG00000105983,GENE ID:64327,TRUE,"Previous Symbol, Prefix Condition Symbol",LMBR1,PPD2,FALSE
HGNC:41666,ENSG00000266517,GENE ID:100616474,TRUE,Gene Identifier Symbol,MIR4715,HSA-MIR-4715,FALSE
HGNC:10346,ENSG00000165502,GENE ID:6166,TRUE,"Previous Symbol, Ortholog Symbol, Prefix Gene Group Symbol, Gene Interaction Symbol",RPL36AL,RPL36A,FALSE
HGNC:21916,ENSG00000106125,GENE ID:84182,TRUE,Clone Symbol,MINDY4,FLJ22374,FALSE
HGNC:11729,ENSG00000132604,GENE ID:7014,TRUE,Previous Symbol,TERF2,TRBF2,TRUE
HGNC:25405,ENSG00000181982,GENE ID:91050,TRUE,Placeholder Symbol,CCDC149,DKFZp761B107,FALSE
HGNC:43910,ENSG00000255733,GENE ID:100885789,TRUE,Withdrawn MGI Symbol,IFNG-AS1,TMEVPG1,FALSE
HGNC:1730,ENSG00000008128,GENE ID:728642,TRUE,Prefix Gene Group Symbol,CDK11A,CDK11-P46,FALSE
HGNC:28952,ENSG00000151503,GENE ID:23310,TRUE,Placeholder Symbol,NCAPD3,KIAA0056,FALSE
HGNC:35257,ENSG00000221525,GENE ID:100302157,TRUE,"Previous Symbol, Prefix Gene Group Symbol",MIR1185-1,MIRN1185-1,TRUE
HGNC:29233,ENSG00000088888,GENE ID:57506,TRUE,Prefix Gene Group Symbol,MAVS,Cardif,FALSE
HGNC:37260,ENSG00000250317,GENE ID:389203,TRUE,"Previous Symbol, Placeholder Symbol",SMIM20,C4orf52,FALSE
HGNC:3673,ENSG00000158815,GENE ID:8822,TRUE,Prefix Gene Group Symbol,FGF17,FGF-17,TRUE
HGNC:50030,ENSG00000273778,GENE ID:102465458,TRUE,Gene Identifier Symbol,MIR6765,HSA-MIR-6765,FALSE
HGNC:438,ENSG00000162551,GENE ID:249,TRUE,Prefix Condition Symbol,ALPL,HPPO,FALSE
HGNC:34541,set(),GENE ID:100189541,TRUE,Prefix Gene Group Symbol,TRV-CAC1-4,tRNA-Val-CAC-1-4,TRUE
HGNC:3595,ENSG00000083857,GENE ID:2195,TRUE,"Previous Symbol, Withdrawn MGI Symbol",FAT1,FAT,FALSE
HGNC:19690,ENSG00000224924,GENE ID:387486,TRUE,"Previous Symbol, Placeholder Symbol",LINC00320,C21ORF131,FALSE
HGNC:26195,ENSG00000132321,GENE ID:79781,TRUE,Clone Symbol,IQCA1,FLJ22527,FALSE
HGNC:34980,set(),GENE ID:100189411,TRUE,Prefix Gene Group Symbol,TRA-AGC13-1,tRNA-Ala-AGC-13-1,TRUE
HGNC:35070,set(),GENE ID:100189495,TRUE,Prefix Gene Group Symbol,TRD-GTC10-1,tRNA-Asp-GTC-10-1,TRUE
HGNC:4507,ENSG00000136928,GENE ID:9568,TRUE,"Previous Symbol, Withdrawn MGI Symbol",GABBR2,GPR51,FALSE
HGNC:4439,ENSG00000185245,GENE ID:2811,TRUE,Prefix Condition Symbol,GP1BA,BDPLT3,FALSE
HGNC:51196,ENSG00000231210,GENE ID:100996266,TRUE,Previous Symbol,COMETT,LINC01510,FALSE
HGNC:8811,ENSG00000067992,GENE ID:5165,TRUE,Prefix Condition Symbol,PDK3,CMTX6,FALSE
HGNC:14758,"ENSG00000176510, ENSG00000285252",GENE ID:392133,TRUE,"Previous Symbol, Prefix Gene Group Symbol, Gene Identifier Symbol",OR10AC1,OR10AC1P,FALSE
HGNC:25900,ENSG00000119280,GENE ID:84886,TRUE,Clone Symbol,C1orf198,FLJ38847,FALSE
HGNC:33650,ENSG00000216179,GENE ID:100126308,TRUE,Gene Identifier Symbol,MIR541,HSA-MIR-541,FALSE
HGNC:15310,ENSG00000172154,GENE ID:120586,TRUE,Prefix Gene Group Symbol,OR8I2,OR11-170,FALSE
HGNC:7406,ENSG00000125148,GENE ID:4502,TRUE,Prefix Gene Group Symbol,MT2A,MT-II,FALSE
HGNC:33165,ENSG00000234880,GENE ID:727699,TRUE,"Previous Symbol, Placeholder Symbol",LINC00163,C21ORF134,FALSE
HGNC:26048,ENSG00000164941,GENE ID:55656,TRUE,Clone Symbol,INTS8,FLJ20530,FALSE
HGNC:9305,ENSG00000156475,GENE ID:5521,TRUE,"Previous Symbol, Prefix Condition Symbol",PPP2R2B,SCA12,FALSE
HGNC:2843,"ENSG00000285482, ENSG00000185000",GENE ID:8694,TRUE,Previous Symbol,DGAT1,ARGP1,FALSE
HGNC:19849,ENSG00000179008,GENE ID:317761,TRUE,Prefix Condition Symbol,C14orf39,SPGF52,FALSE
HGNC:2255,ENSG00000106789,GENE ID:7464,TRUE,Prefix Gene Group Symbol,CORO2A,WDR2,FALSE