HGNC_ID,ENSG_ID,NCBI_ID,primary_gene_symbol,gene_symbol,captured,captured as:,PMIDs from Pubtator3,Does alias represent gene in this publication?,How?,"If not this gene, what is it?",Text Location,Relevant Text (surrounding),Notes
HGNC:12406,ENSG00000166402,GENE ID:7275,TUB,rd5,F,,9477305,yes,mouse phenotype biomarker,-,discussion,"Mice homozygous for the tub (rd5) mutation exhibit progressive retinal degeneration, sensorineural hearing loss, reduced fertility, and obesity, and presently represent the only animal model with neuroepithelial degeneration of both cochlea and retina without other neurological abnormalities.",
HGNC:12406,ENSG00000166402,GENE ID:7275,TUB,rd5,F,,9390831,yes,mouse phenotype biomarker,-,abstract,"Mice homozygous for a defect of the tub (rd5) gene exhibit cochlear and retinal degeneration combined with obesity, and resemble certain human autosomal recessive sensory deficit syndromes.",
HGNC:12406,ENSG00000166402,GENE ID:7275,TUB,rd5,F,,7479945,yes,mouse phenotype biomarker,-,abstract,"We report a mouse model of type I Usher syndrome, rd5, whose linkage on mouse chromosome 7 to Hbb and tub has homology to human Usher I reported on human chromosome 11p15. The electroretinogram in homozygous rd5/rd5 mouse is never normal with reduced amplitudes that extinguish by 6 months.",
HGNC:12406,ENSG00000166402,GENE ID:7275,TUB,rd5,F,,39961042,no,-,primer,methods,The primers used in this study were: RD5: 5′–ATCTGGTTGATCCTGCCAGT–3’; BhRDr: 5′–GAGCTTTTTAACTGCAACAACG–3′.,
HGNC:12406,ENSG00000166402,GENE ID:7275,TUB,rd5,F,,38980911,no,-,primer,methods,"PCR amplification of DNA was performed using a nested PCR reaction. Briefly, the first PCR used the broad-specificity eukaryotic primer RD5 (5’-GGAAGCTTATCTGGTTGA TCCTGCCAGTA-3’) and RD3 (5’-GGGATCCTGATCCTTC CGCAGGTTCACCTAC-3’), which amplifies a ~1,800 bp fragment of the SSU rDNA",
HGNC:12406,ENSG00000166402,GENE ID:7275,TUB,rd5,F,,38578271,no,-,primer,methods,The gDNA samples were analysed by PCR amplification of ∼600 bp of the SSU rRNA gene of Blastocystis sp. using the primers RD5 (5′‐ATCTGGTTGATCCTGCCAGT‐3′) and BhRDr (5′GAGCTTTTTAACTGCAACAACG‐3′) to identify the presence of Blastocystis sp. Infection,
HGNC:12406,ENSG00000166402,GENE ID:7275,TUB,rd5,F,,38543574,no,-,primer,methods,PCR amplification of Blastocystis sp. was carried out using barcoding region primers BhRDr (5′-GAGCTTTTTAACTGCAACAACG-3′) and RD5 (5′-ATCTGGTTGATCCTGCCAGT-3′) for SSU rRNA,
HGNC:12406,ENSG00000166402,GENE ID:7275,TUB,rd5,F,,37185159,no,-,primer,methods,"In the first reaction, the broadly specific oligonucleotide primers RD5 (5’-GGAAGCTTATCTGGTTGATCCTGCCAGTA-3’) and RD3 (5’-GGGATCCTGATCCTTCCGCAGGTTCACCTAC-3’) were used",
HGNC:12406,ENSG00000166402,GENE ID:7275,TUB,rd5,F,,36650547,yes,alias,-,intro,"TUB (MIM #601197), also known as rd5 or RDOB, maps to 11p15.4 and encodes the tubby-bipartite transcription regulator",
HGNC:12406,ENSG00000166402,GENE ID:7275,TUB,rd5,F,,36612533,no,-,primer,methods,The primers were as follows: forward primer RD5 5′-ATC TGG TTG ATC CTG CCA GT-3′ and reverse primer BhRDr 5′-GAG CTT TTTA ACT GCA ACA ACG-3′,
HGNC:6631,ENSG00000074695,GENE ID:3998,LMAN1,GP58,F,,9116635,no,-,virus glycoprotein 58,abstract,HCMV DNA encoding a neutralising epitope of the surface glycoprotein gp58 was either inserted at the amino terminus or fused to the truncated carboxyl terminus of HBcAg and expressed in Escherichia coli.,
HGNC:6631,ENSG00000074695,GENE ID:3998,LMAN1,GP58,F,,8991937,no,-,glycoprotein B,abstract,"Polymorphonuclear leucocyte (PMNL) samples taken at regular intervals after transplantation were tested for HCMV DNA using primer sets homologous to the glycoprotein B (gp58), major immediate early (IE1), and structural phosphoprotein (pp150) regions.",
HGNC:6631,ENSG00000074695,GENE ID:3998,LMAN1,GP58,F,,8385703,no,-,glycoprotein gp58/116,abstract,Two prokaryotically expressed fusion proteins encompassing amino acids 484-650 (AD-1) and 27-100 (AD-2) of glycoprotein gp58/116 of human cytomegalovirus (HCMV) were purified from E. coli lysates and used in ELISA to determine antibody levels in human sera.,
HGNC:6631,ENSG00000074695,GENE ID:3998,LMAN1,GP58,F,,8383182,no,-,gp58/116 complex of human cytomegalovirus (HCMV),abstract,"The gene for the homologue of herpesvirus glycoprotein B (gB) has been identified in the genome of human herpesvirus 6 (HHV-6), strain U1102, and the nucleotide sequence was determined. The open reading frame encodes a protein of 830 amino acids (93.2K) with the characteristics of a transmembrane glycoprotein and close similarity to the gp58/116 complex of human cytomegalovirus (HCMV).",
HGNC:6631,ENSG00000074695,GENE ID:3998,LMAN1,GP58,F,,8137120,no,-,envelope (gp35 and gp58) proteins,abstract,"Despite the lack of an in vitro replication system, genes coding for viral proteins of hepatitis C virus have been identified. The putative nucleocapsid (p22) and envelope (gp35 and gp58) proteins have been expressed in cells by different vectors under various foreign promoters.",
HGNC:6631,ENSG00000074695,GENE ID:3998,LMAN1,GP58,F,,7688304,no,-,human cytomegalovirus 58-kDa glycoprotein,abstract,"We have mapped continuous epitopes, for positions 591-673 of the human cytomegalovirus 58-kDa glycoprotein using overlapping synthetic peptides and human sera.",
HGNC:6631,ENSG00000074695,GENE ID:3998,LMAN1,GP58,F,,7678304,no,-,human cytomegalovirus (CMV) membrane glycoprotein gp58/116 (gB,abstract,The humoral immune response to human cytomegalovirus (CMV) membrane glycoprotein gp58/116 (gB) has been studied by establishing cell lines producing specific human monoclonal antibodies.,
HGNC:6631,ENSG00000074695,GENE ID:3998,LMAN1,GP58,F,,7521934,no,-,human cytomegalovirus glycoprotein B (gp58/116),abstract,"The nucleotide sequences of the variable region genes encoding five different human, high affinity antibodies, specific for the major neutralization determinant (AD-1) expressed by human cytomegalovirus glycoprotein B (gp58/116), have been determined.",
HGNC:6631,ENSG00000074695,GENE ID:3998,LMAN1,GP58,F,,7506283,no,-,glycoproteins gp58/116 (gB),abstract,"As antigens, three immunodominant domains capable of inducing neutralizing antibodies during natural infection were selected on glycoproteins gp58/116 (gB) and gp86 (gH).",
HGNC:6631,ENSG00000074695,GENE ID:3998,LMAN1,GP58,F,,6322416,no,-,glycoprotein(s) gp58-gp130,abstract,"These antibodies react with (1) a major outer membrane virion glycoprotein(s) gp58-gp130, whose molecular weight varies between strains of cytomegalovirus, (2) a phosphoprotein, pp71, localized inside the virion membrane, (3) a phosphorylated nucleocapsid protein, pp155, and (4) a virion-associated phosphoprotein, pp29.",
HGNC:9911,ENSG00000216835,GENE ID:3186,RBMXP1,HNRNP-G,F,,9732280,yes,derivative of HGNC Previous Symbol,-,results,"The RBD-Gly proteins with one RBD comprise RBM3 (Derry et al., 1995) and hnRNP G (Soulard et al., 1993) in human and a series of exceptionally Gly-rich proteins in plants (for references see Bergeron et al., 1993; van Nocker and Vierstra, 1993).","note: previous symbol is HNRPG, so this is a derivative with a dash"
HGNC:9911,ENSG00000216835,GENE ID:3186,RBMXP1,HNRNP-G,F,,9151692,yes,derivative of HGNC Previous Symbol,-,results,"In particular, CIRP was 60– 80% identical in the CS-RBD to these proteins and also contained the sequences DRET and MNGKXXDG, highly conserved in plant GRPs and human hnRNP G (Soulard et al., 1993) (Fig. 2 a).",note: some of these pubs do not feature this alias with a dash but just a space
HGNC:9911,ENSG00000216835,GENE ID:3186,RBMXP1,HNRNP-G,F,,8634703,yes,derivative of HGNC Previous Symbol,-,abstract,"Its putative RNA-binding domain most closely resembles that of two previously characterized human RNA-binding proteins, YRRM, the gene for which has been implicated in azoospermia, and hnRNP G, a glycoprotein, also identified as an auto-antigen.",
HGNC:9911,ENSG00000216835,GENE ID:3186,RBMXP1,HNRNP-G,F,,7692398,yes,derivative of HGNC Previous Symbol,-,abstract,"Here we show that p43 is an RNA-binding protein, and identify it as hnRNP G, a previously described component of heterogeneous nuclear ribonucleoprotein complexes. We demonstrate that p43/hnRNP G is glycosylated, and identify the modification as O-linked N-acetylglucosamine.",
HGNC:9911,ENSG00000216835,GENE ID:3186,RBMXP1,HNRNP-G,F,,40819127,yes,HGNC Previous Symbol,-,figure caption,"The readers include YTHDF1-3, YTHDC1, IGF2BPs, and HNRNPs (HNRNPC1, HNRNPG, HNRNPA2, and HNRNPB1), which are involved in RNA splicing, processing, nuclear export, decay, translation, and stability.",
HGNC:9911,ENSG00000216835,GENE ID:3186,RBMXP1,HNRNP-G,F,,40662138,yes,HGNC Previous Symbol,-,intro,"In addition, the structural domains of the heterologous nuclear ribonucleoprotein (HNRNP) and insulin-like growth factor 2 mRNA binding proteins (IGF2BPs) are also essential components of recognition proteins. The HNRNP family, which includes HNRNPA2B1, HNRNPC, and HNRNPG, does not directly recognize m6A but promotes pre-mRNA processing by selectively binding to m6A-modified transcripts",
HGNC:9911,ENSG00000216835,GENE ID:3186,RBMXP1,HNRNP-G,F,,40448182,yes,HGNC Previous Symbol,-,intro,"m6A-modified readers encompass a varied range of proteins, containing the YTH domain-containing family (YTHDF1, YTHDF2, YTHDF3, YTHDC1, and YTHDC2), the insulin-like growth factor 2 mRNA-binding protein family (IGF2BP1, IGF2BP2, IGF2BP3), the HNRNP family (HNRNPA2B1, HNRNPC, HNRNPG), eukaryotic translation initiation factors (eIF3, eIF4E, eIF4G), and embryonic lethal abnormal visual-like protein 1 (ELAVL1).",
HGNC:9911,ENSG00000216835,GENE ID:3186,RBMXP1,HNRNP-G,F,,40330012,yes,HGNC Previous Symbol,-,intro,"Heterogeneous nuclear ribonucleoproteins (HNRNPs), such as HNRNPA2B1, HNRNPC, and HNRNPG, regulate alternative splicing of mRNAs in an m6A-dependent manner (Liu et al., 2015; Liu et al., 2017).",
HGNC:9911,ENSG00000216835,GENE ID:3186,RBMXP1,HNRNP-G,F,,40329380,yes,HGNC Previous Symbol,-,intro,"Moreover, Heterogeneous nuclear ribonucleoproteins (hnRNPs), such as HNRNPA2B1, HNRNPC, and HNRNPG, recognize m6A modifications, influencing RNA splicing, stability, and transport [68–71].",
HGNC:9911,ENSG00000216835,GENE ID:3186,RBMXP1,HNRNP-G,F,,40203066,yes,derivative of HGNC Previous Symbol,,Reviewers' Comments,The authors speculated perhaps SRSF5 (and hnRNP G) might play roles in generating the E2 mRNA. Did the authors detect any changes in SRSF5 expression at the level of RNA or protein?,
HGNC:3795,ENSG00000110203,GENE ID:2352,FOLR3,FRgamma,F,,40457348,yes,literature defined (uniprot protein short name),-,introduction,"They are encoded by the genes FOLR1, FOLR2, FOLR3, and FOLR4 (also known as FRα, FRβ, FRγ, and FRδ respectively)",
HGNC:3795,ENSG00000110203,GENE ID:2352,FOLR3,FRgamma,F,,40420216,yes,literature defined (uniprot protein short name),-,introduction,"The folate receptor (FR) family consists of three or four isoforms: FRα, FRβ, FRγ and FRδ, encoded by the FOLR1, FOLR2, FOLR3 and FOLR4 genes, respectively.",
HGNC:3795,ENSG00000110203,GENE ID:2352,FOLR3,FRgamma,F,,40045156,yes,literature defined (uniprot protein short name),-,introduction,"FRs, also known as folate binding proteins (FBPs), have four isoforms: FRα, FRβ, FRγ, and FRδ.",
HGNC:3795,ENSG00000110203,GENE ID:2352,FOLR3,FRgamma,F,,39996761,yes,literature defined (uniprot protein short name),-,introduction,"Four isoforms of the folate receptor (FR)—FRα, FRβ, FRγ, and FRδ—are distributed across different tissues and unidirectionally internalize folate into cells through the endocytosis of FRs. FRα, encoded by the FOLR1 gene, binds folates with the highest affinity.",
HGNC:3795,ENSG00000110203,GENE ID:2352,FOLR3,FRgamma,F,,39964065,yes,literature defined (uniprot protein short name),-,results,"FA is excessively used by cancer cells due to their active metabolism and high proliferation capacity.68 FA receptors (FRα, FRβ, and FRγ) are cysteine-rich glycoproteins present on the cell surface, which bind folate with a high affinity to facilitate its cellular uptake.",
HGNC:3795,ENSG00000110203,GENE ID:2352,FOLR3,FRgamma,F,,39847116,yes,literature defined (uniprot protein short name),-,introduction,"Intriguingly, Quinn et al.. identified soluble secreted folate receptor γ (FRγ or FOLR3) as a pivotal player in human metabolic dysfunction–associated steatohepatitis (MASH).",
HGNC:3795,ENSG00000110203,GENE ID:2352,FOLR3,FRgamma,F,,39125873,yes,literature defined (uniprot protein short name),-,introduction,"Folate-binding proteins or the FA receptor (FR) family consists of four proteins: FRα (257 aa, 30 kDa, FOLR1), FRβ (255 aa, 29 kDa, FOLR2), FRγ (245 aa, 28 kDa, FOLR3), and FRδ (250 aa, 28.6 kDa, FOLR4).",
HGNC:3795,ENSG00000110203,GENE ID:2352,FOLR3,FRgamma,F,,38406385,yes,literature defined (uniprot protein short name),-,abstract,"Folate, vitamin B9, is a water-soluble vitamin that is essential to cellular proliferation and division. In addition to the reduced folate carrier, eukaryotic cells take up folate through endocytosis mediated by one of two GPI-anchored folate receptors (FRs), FRα or FRβ. Two other isoforms of FR exist, FRγ and FRδ, neither of which support endocytic activities of FR signaling.",
HGNC:3795,ENSG00000110203,GENE ID:2352,FOLR3,FRgamma,F,,38332833,yes,literature defined (uniprot protein short name),-,introduction,"Folate receptors (FRs) are single-chain glycoprotein-based receptors (35–40 kDa) that are expressed in four isoforms (FRα, FRβ, FRγ, and FRδ).",
HGNC:3795,ENSG00000110203,GENE ID:2352,FOLR3,FRgamma,F,,38229205,yes,literature defined (uniprot protein short name),-,main text,"There are three subtypes of folate receptors (FRα, FRβ, and FRγ) and FRβ is exclusively expressed in activated macrophage especially the M2 subtype",
HGNC:13919,"ENSG00000234651, ENSG00000096155, ENSG00000233348, ENSG00000204463, ENSG00000228760, ENSG00000229524, ENSG00000227761",GENE ID:7917,BAG6,SCYTHE,F,,9799223,yes,literature defined (uniprot alternative protein name),-,abstract,"We now report the purification of a 150 kDa reaper-interacting protein from Xenopus egg extracts, which we have named Scythe. Scythe is highly conserved among vertebrates and contains a ubiquitin-like domain near its N-terminus.",
HGNC:13919,"ENSG00000234651, ENSG00000096155, ENSG00000233348, ENSG00000204463, ENSG00000228760, ENSG00000229524, ENSG00000227761",GENE ID:7917,BAG6,SCYTHE,F,,40564020,yes,alias,-,main text,"To date, four substrates of CILK1 have been identified: KIF3A, Scythe (BAG6), Raptor, and GSK3ß",
HGNC:13919,"ENSG00000234651, ENSG00000096155, ENSG00000233348, ENSG00000204463, ENSG00000228760, ENSG00000229524, ENSG00000227761",GENE ID:7917,BAG6,SCYTHE,F,,40413669,yes,alias,-,discussion,"BAG6, also known as Bat-3/Scythe, participates in various cellular processes, including apoptosis, gene regulation, and protein synthesis",
HGNC:13919,"ENSG00000234651, ENSG00000096155, ENSG00000233348, ENSG00000204463, ENSG00000228760, ENSG00000229524, ENSG00000227761",GENE ID:7917,BAG6,SCYTHE,F,,39851495,yes,alias,-,main text,"Nuclear CtsD has been reported to specifically target the nuclear repressor Tricho-rhino-phalangeal syndrome 1 (TRPS1) and the nuclear chaperone Scythe/BAG6 (BAT3), controlling cell cycle progression and transformation of breast cancer cells.",
HGNC:13919,"ENSG00000234651, ENSG00000096155, ENSG00000233348, ENSG00000204463, ENSG00000228760, ENSG00000229524, ENSG00000227761",GENE ID:7917,BAG6,SCYTHE,F,,39823474,yes,alias,-,discussion,"Nuclear CtsD has been reported to specifically target the nuclear repressor Tricho-rhino-phalangeal syndrome 1 (TRPS1) and the nuclear chaperone Scythe/BAG6 (BAT3), controlling cell cycle progression and transformation of breast cancer cells.",
HGNC:13919,"ENSG00000234651, ENSG00000096155, ENSG00000233348, ENSG00000204463, ENSG00000228760, ENSG00000229524, ENSG00000227761",GENE ID:7917,BAG6,SCYTHE,F,,39812643,yes,alias,-,intro,"BAG6 (alternatively called BAT3 or Scythe) is an MHC-encoded multidomain protein with a ubiquitin-like (UBL) sequence (Banerji et al., 1990; Kawahara et al., 2013; Lee and Ye, 2013) that binds to hydrophobic targets, such as defective translation products derived from abnormally spliced transcripts (Kikukawa et al., 2005), newly synthesized defective polypeptides such as mislocalized proteins (Minami et al., 2010; Hessa et al., 2011; Wang et al., 2011; Rodrigo-Brenni et al., 2014; Wunderley et al., 2014; Kawahara et al., 2013; Lee and Ye, 2013; Suzuki and Kawahara, 2016), and ERAD substrates (Xu et al., 2013; Payapilly and High, 2014).",
HGNC:13919,"ENSG00000234651, ENSG00000096155, ENSG00000233348, ENSG00000204463, ENSG00000228760, ENSG00000229524, ENSG00000227761",GENE ID:7917,BAG6,SCYTHE,F,,39781467,yes,alias,-,intro,"Notably, among the proteins that regulate the Tim-3 signaling pathway, Bat3 (also known as Bag6 or Scythe), a ubiquitin-like chaperone protein that binds to and suppresses the function of Tim-3, serves as a functional switch for Tim-3: separation of Tim-3 and Tim-3 ligand (Tim-3L) makes Bat3 bind and recruit catalytically active Lck to the Tim-3 tail, promoting T cell signaling, activation, and expansion.",
HGNC:13919,"ENSG00000234651, ENSG00000096155, ENSG00000233348, ENSG00000204463, ENSG00000228760, ENSG00000229524, ENSG00000227761",GENE ID:7917,BAG6,SCYTHE,F,,38523660,yes,literature defined (uniprot alternative protein name),-,intro,"CILK1 phosphorylates Raptor, Scythe, GSK3β, and KIF3A, linking CILK1 function to cellular metabolism, ciliogenesis, and Hedgehog signaling (Fu et al., 2019).",
HGNC:13919,"ENSG00000234651, ENSG00000096155, ENSG00000233348, ENSG00000204463, ENSG00000228760, ENSG00000229524, ENSG00000227761",GENE ID:7917,BAG6,SCYTHE,F,,38498560,yes,alias,-,intro,"BAG6 (BCL2-associated athanogene 6, also known as BAT3 or Scythe) is a member of the BAG family due to a sequence homologous to the BAG domain at its C terminus and the collaboration with Heat Shock Protein 70 (Hsp70) family molecular chaperones",
HGNC:13919,"ENSG00000234651, ENSG00000096155, ENSG00000233348, ENSG00000204463, ENSG00000228760, ENSG00000229524, ENSG00000227761",GENE ID:7917,BAG6,SCYTHE,F,,37879364,yes,literature defined (uniprot alternative protein name),-,discussion,"PBF also interacts with 14‐3‐3β and Scythe/BAT3 proteins, two important cellular proteins involved in the regulation of cell apoptosis.",
HGNC:32629,ENSG00000222370,GENE ID:677818,SNORA36B,ACA36b,F,,35645336,yes,literature defined,-,intro,"Some pre-miRNAs are H/ACA-derived snoRNA, such as miR-1291/ACA34, miR-1248/HBI-6, and miR-664/ACA36b.",
HGNC:32629,ENSG00000222370,GENE ID:677818,SNORA36B,ACA36b,F,,34564318,yes,alias,-,results,"As a negative control of the experiment, we checked that U6 snRNA was not associated with core proteins of snoRNP complexes, whereas positive controls assessed the association of known snoRNA36B (ACA36B), snoRND88B (HBII-180B) and scaRNA9 (sca9) with their core proteins Dyskerin, Fibrillarin and Coilin (Supplementary Figure S4C–E), respectively.",
HGNC:32629,ENSG00000222370,GENE ID:677818,SNORA36B,ACA36b,F,,29372649,yes,alias,-,discussion,"These microRNAs match the snoRNAs, as for example, SNORD12b/HBII-99B (miR-1259), SNORD126 (miR-1201), SNORA34/ACA34 (miR-1291), SNORA81/HBI-61 (miR-1248), and SNORA36B/ACA36B (miR-664)2.",
HGNC:32629,ENSG00000222370,GENE ID:677818,SNORA36B,ACA36b,F,,28840253,yes,alias,-,main text,"Experimental analysis shows that C/D snoRNAs, ACA36b, HBI-61, and ACA34, encode sno-miRNAs, miR-664, miR-1248, and miR-1291, respectively, which function in gene silencing [95].",
HGNC:32629,ENSG00000222370,GENE ID:677818,SNORA36B,ACA36b,F,,25879954,yes,alias,-,main text,SNORA36B/ACA36B (miR-664),
HGNC:32629,ENSG00000222370,GENE ID:677818,SNORA36B,ACA36b,F,,20846955,yes,alias,-,materials and methods,ACA36b hsa-miR-664,SNORA36b
HGNC:32629,ENSG00000222370,GENE ID:677818,SNORA36B,ACA36b,F,,19763159,yes,literature defined,-,results,ACA36B is a close paralogue (88% identity) of the experimentally validated H/ACA snoRNA ACA36 [28].,
HGNC:74,ENSG00000118777,GENE ID:9429,ABCG2,CD338,T,Prefix Gene Group Symbol,40890122,yes,HCDM antigen nomenclature,-,intro,"CSCs, compared to differentiated tumors found to express lower levels of surface EGF-R, CD166, MHC class I, CD54, and PD-L1 (B7H1) receptors and higher expression of CD133, CD44, EpCAM, CD26, and CD338 [1–3, 19, 38–41].",
HGNC:74,ENSG00000118777,GENE ID:9429,ABCG2,CD338,T,Prefix Gene Group Symbol,38513324,yes,HCDM antigen nomenclature,-,materials and methods,"The 5D3 primary antibody (Purified mouse anti-human CD338, BD Pharmigen - 1:100) was added and incubated at 37 °C for 30 min.",
HGNC:74,ENSG00000118777,GENE ID:9429,ABCG2,CD338,T,Prefix Gene Group Symbol,38356373,yes,alias,-,materials and methods,"The primary antibodies include mouse monoclonal anti‐Aquaporin 1 (Invitrogen, MA5‐25401), rabbit monoclonal anti‐Aquaporin 1 (Abcam, ab168387), mouse monoclonal anti‐RFP (Invitrogen, MA5‐15257), rabbit monoclonal anti‐BCRP/ABCG2 (Abcam, ab229193 and ab207732), Rat monoclonal anti‐ABCG2/CD338 (Novus, NB600‐1079), Chicken polyclonal anti‐Nestin (Novus, NB100‐1604), Rabbit polyclonal anti‐Ki67/MKI67 (Novus, NB500‐170) and Rabbit polyclonal anti‐SOX2 (Abcam, ab97959).",
HGNC:74,ENSG00000118777,GENE ID:9429,ABCG2,CD338,T,Prefix Gene Group Symbol,38255216,yes,HCDM antigen nomenclature,-,main text,"As the second discovered member of the ABCG subfamily, the protein was further designed as ABCG2 by the Human Genome Organization Committee and assigned to the 338 cluster of differentiation (CD338) of the antigen nomenclature system by the Human Cell Differentiation Molecules organization. T",
HGNC:74,ENSG00000118777,GENE ID:9429,ABCG2,CD338,T,Prefix Gene Group Symbol,37812088,yes,alias,-,results,"Likewise, a robust decrease in the expression of CD338 (ABCG2), an ATP-binding cassette transporter, was also noted in 22RV1 shMALAT1 cells compared with 22RV1-shSCRM (Fig. 2I), suggesting that MALAT1 modulates stemness in prostate cancer cells.",
HGNC:74,ENSG00000118777,GENE ID:9429,ABCG2,CD338,T,Prefix Gene Group Symbol,37762374,yes,HCDM antigen nomenclature,-,results,"Among the EBVaGC cells, sphere-forming cells (SFCs) isolated from SNU-719 cells express CD44 at high levels and express CD24 at low levels. However, this is not observed with CD133, CD338, or CD90.",
HGNC:74,ENSG00000118777,GENE ID:9429,ABCG2,CD338,T,Prefix Gene Group Symbol,37445860,yes,HCDM antigen nomenclature,-,intro,"CD44, CD24, CD133, aldehyde dehydrogenase 1 (ALDH1), CD326 (EpCAM), CD338, and the pluripotency markers NANOG, OCT4, and SOX2 are shared among BCSC and OCSC, although there are others (Table 1).",
HGNC:74,ENSG00000118777,GENE ID:9429,ABCG2,CD338,T,Prefix Gene Group Symbol,37122871,yes,HCDM antigen nomenclature,-,materials and methods,"For this assay, the following antibodies were used: APC conjugated mouse anti-human antibodies: CD4, CD13, CD8, CD90, CD16, CD105, CD140b, SUSD2, CD117 (EXBIO, Vestec, Czech Republic), CD133, CD309, CD338, and SSEA4 (BioLegend, San Diego, CA, United States);",
HGNC:74,ENSG00000118777,GENE ID:9429,ABCG2,CD338,T,Prefix Gene Group Symbol,37111745,yes,HCDM antigen nomenclature,-,materials and methods,"The pellet was resuspended in 100 μL of PBS/BSA (40 μg/mL of BSA) and the primary antibody (mouse anti-human CD338 Clone 5D3, BD Pharmingen, San Diego, CA, USA) was added (1:100) for 30 min at 37 °C.",
HGNC:74,ENSG00000118777,GENE ID:9429,ABCG2,CD338,T,Prefix Gene Group Symbol,36979874,yes,HCDM antigen nomenclature,-,materials and methods,"However, for ABCG2 staining, 5 μL of APC Mouse Anti-Human CD338 and APC-mouse-IgG isotype control were added to 100 μL cell suspension and incubated at 4 °C for 30 min, according to the manufacturer’s instructions.",
HGNC:6445,ENSG00000135480,GENE ID:3855,KRT7,SCL,T,Withdrawn MGI Symbol,7522117,yes,literature defined (HGNC alias names),-,abstract,"The continued replication of these cells, although unable to induce tumours in athymic mice, could be the result of the maintained expression of an IFN antagonist termed sarcolectin (SCL), a balance being struck between the effects of v-mos oncogene, interferon beta and SCLs.",
HGNC:6445,ENSG00000135480,GENE ID:3855,KRT7,SCL,T,Withdrawn MGI Symbol,40438368,no,-,"scl-70, PM-scl",intro,"The patient showed no significant abnormalities in the Hepatitis B five-panel test; Liver diseases:related autoantibodies (AMA-M2, LKM-1, SLA/LP, LC-1), and Systemic rheumatic disease autoantibodies (SSA, SSB, Jo-1, RNP, Sm, Scl-70, ACA, dsDNA, NA, HA, RPPA, PCNA, PM-Scl).",
HGNC:6445,ENSG00000135480,GENE ID:3855,KRT7,SCL,T,Withdrawn MGI Symbol,40034596,no,-,"scl-70, PM-scl",intro,"Antinuclear antibody, Cytoplasmic antibody, centromere antibody, anti-dsDNA antibody, anti-nRNP antibody, anti-Sm antibody, anti-SS-A antibody, anti-SS-B antibody, anti-Scl-70 antibody, anti-Jo-1 antibody, anti-rRNA antibody, anti-mitochondrial-M2 antibody, anti- histone antibody, anti-centromere antibody, anti-proliferating cell nuclear antigen antibody,anti-nucleosome antibody, anti-Ro52 antibody, anti-PM-Scl antibody, anti-dsDNA antibody were negative.",
HGNC:6445,ENSG00000135480,GENE ID:3855,KRT7,SCL,T,Withdrawn MGI Symbol,39435255,no,-,scl-ab,discussion,"Antinuclear antibody positivity has been described in some patients, but with an unspecific speckled pattern and no association of scleroderma-specific antibodies (Scl-ab) [1].",
HGNC:6445,ENSG00000135480,GENE ID:3855,KRT7,SCL,T,Withdrawn MGI Symbol,38635731,no,-,superficial cell layers,results,"The stromal cells, basement membrane, basal and parabasal cells, and the intermediate and superficial cell layers are indicated by sc, bm, bc, pb, icl and scl, respectively.",
HGNC:6445,ENSG00000135480,GENE ID:3855,KRT7,SCL,T,Withdrawn MGI Symbol,38609980,no,-,"scl100, scl75, scl70",results,ProGRP (pg/mL) 115.8 0–46 anti-PM-SCL100 antibody (-) CA211 (ng/mL) 4.97 0-3.3 anti-PM-SCL75 antibody (-)anti-SCL-70 antibody (-),
HGNC:6445,ENSG00000135480,GENE ID:3855,KRT7,SCL,T,Withdrawn MGI Symbol,38487532,no,-,small cell lung cancer,abstract,"Extensive-stage small-cell lung cancer (ES-SCLC) is highly malignant, with early metastasis and high recurrence.",
HGNC:6445,ENSG00000135480,GENE ID:3855,KRT7,SCL,T,Withdrawn MGI Symbol,38439894,no,-,scl-70,intro,The patient's tumour marker indices were as follows: CEA: 77.7 ng/mL (0–5 ng/mL); CYFRA211: 7.76 ng/mL (0–3.3 ng/mL); NSE: 17.6 ng/mL (0–17 ng/mL); CA125: 191 U/mL (0–35 U/mL); and D-dimer: 2.08 μg/ml (0–0.5 μg/ml). The autoantibody test showed the anti-Scl-70 antibody to be weakly positive (±).,
HGNC:6445,ENSG00000135480,GENE ID:3855,KRT7,SCL,T,Withdrawn MGI Symbol,37667768,no,-,spindle cell lipoma,intro,SCL is a rare benign tumor arising from mature adipocytes. 1 It is difficult to distinguish SCL from liposarcoma preoperatively due to their similar imaging appearance. 2 ACD‐RCC is the most common RCC arising in ESRD.,
HGNC:6445,ENSG00000135480,GENE ID:3855,KRT7,SCL,T,Withdrawn MGI Symbol,37415133,no,-,"scl-70, PM-scl",intro,Anti Scl-70 antibody Negative > 5 AU Anti PM-Scl-100 antibody Negative > 5 AU Anti PM-Scl-75 antibody Negative > 5 AU,
HGNC:2372,ENSG00000112282,GENE ID:9439,MED23,SUR-2,T,Ortholog Symbol,38987256,yes,alias,-,abstract,"Furthermore, we demonstrate that the nonsense mutation of MED23/sur-2 prevents CID entry of the hsf-1(sy441) mutant and extends lifespan.",
HGNC:2372,ENSG00000112282,GENE ID:9439,MED23,SUR-2,T,Ortholog Symbol,37456852,yes,alias,-,discussion,"The ETS gene is conserved in various species and regulates cell differentiation, development, and proliferation46,47,48 ELK1 reportedly promotes the production of adipocytes via insulin-MAPK signaling in combination with MED23 (Sur2, DRIP130).",
HGNC:2372,ENSG00000112282,GENE ID:9439,MED23,SUR-2,T,Ortholog Symbol,36513635,no,-,no mention of sur-2 or any variations in this publication. One mention of med23,results,"Names of the corresponding genes (see also Table S3): Hif1a, Pdgfra, Cxcl5, Hmgb1, Il17d, Il7, Tnfaip6, Traf6, Acp6, Adam9, Agtr1a, Ampd3, Ankrd17, Arhgap35, Atm, Bves, C2cd4a, Calcrl, Cd1d2, Cd3d, Chd2, Chd7, Chrna4, Cited1, Clock, Cnot4, Cr2, Cyld, Dennd1b, Dock10, Duoxa2, Eif2ak1, Ercc1, Ercc2, Etv4, Fbxo7, Flt3l, Gdnf, Gpr171, Itgav, Klre1, Ldlr, Lrp1, Lrtm2, Masp2, Med23, Ncor1, Nhej1, Nkx2-1, Oas3, Orai1, Pde4b, Pou1f1, Pou4f1, Prkcq, Prrc2c, Ptpre, Ptprz1, Raf1, Rgcc, Rrs1, Rtkn2, Ryk, Sema3d, Sox6, Src, Srp54b, Susd4, Tet2, Tmem176b, Trim11, Trim62, Trpv4, Tspan6, Ufl1, Unc5c, Vav3, Zcchc3, Itgb8, Ddx17, Ep300, Ccdc134, Ifitm7, Masp1, Il1rap, Sema5b, Dscam, Dll1, H2-T3, Tnfsf9, Gpr17, Dcc, Socs6, Rbm14, Ppp1r14b, Zfp950.",
HGNC:2372,ENSG00000112282,GENE ID:9439,MED23,SUR-2,T,Ortholog Symbol,35446926,yes,alias,-,intro,"Other examples include the Kaposi’s sarcoma–associated herpesvirus Lana-1 protein, which binds Med15, Med23, and Med25 [59], the Varicella Zoster Virus IE62 protein, which targets Med25 [60], and the adenovirus E1A protein, which binds Med23 (SUR-2) [61].",
HGNC:2372,ENSG00000112282,GENE ID:9439,MED23,SUR-2,T,Ortholog Symbol,33622787,yes,alias,-,results,Wrenchnolol is a cell-permeable synthetic molecule that binds to the MED23 (SUR-2) subunit of the human mediator complex by mimicking the potent activation domain of ELF3 (ESE-1/ESX/ERT/Jen),
HGNC:2372,ENSG00000112282,GENE ID:9439,MED23,SUR-2,T,Ortholog Symbol,32550415,yes,ortholog,-,intro,"Genetic double mutant analysis suggests that eor-1 and eor-2 function redundantly with the Mediator complex proteins sur-2 and lin-25 (Howard and Sundaram, 2002).",
HGNC:2372,ENSG00000112282,GENE ID:9439,MED23,SUR-2,T,Ortholog Symbol,31638576,yes,ortholog,-,materials and methods,Anti-Human Sur-2 (Med23) Mouse Monoclonal,
HGNC:2372,ENSG00000112282,GENE ID:9439,MED23,SUR-2,T,Ortholog Symbol,30744118,no,-,"sulfonylurea (SUR) subunits, lit defined symbol for ABCC9",intro,"SUR1 targets Kir6 to the plasma membrane, while Kir6/SUR2 localizes mainly in endosomal and lysosomal compartments. In cardiomyocytes, Kir6/SUR2 complexes in endosomal compartments are in constant recycling from the membrane to endosomes.",
HGNC:2372,ENSG00000112282,GENE ID:9439,MED23,SUR-2,T,Ortholog Symbol,30544993,yes,alias,-,intro,"SUR-2/MED23 is required for 2° fate induction [28], and was later shown to be required for expression of the DSL ligands of Notch in the presumptive 1° cells [29].",
HGNC:2372,ENSG00000112282,GENE ID:9439,MED23,SUR-2,T,Ortholog Symbol,28676676,no,-,"sulfonylurea (SUR) subunits, lit defined symbol for ABCC9",intro,"ABCC9 encodes a pore-forming subunit (SUR2) of an ATP-sensitive potassium channel (KATP), a sulfonylurea receptor which plays a role in the aetiology of cardiomyopathies and energy metabolism6.",
HGNC:80,ENSG00000002726,GENE ID:26,AOC1,ABP1,T,"Previous Symbol, Withdrawn MGI Symbol",9548711,no,-,Abp1p (autonomously replicating sequence-binding protein 1),abstract,"Significant homology is also found between CENP-B and two S. pombe centromere DNA-binding proteins Cbh+ and Abp1p, where cbh+ has been shown to be an essential gene (Lee et al., 1997), while abp1-deleted strains exhibit slower growth and a pronounced meiotic defect (Halverson et al., 1997).",
HGNC:80,ENSG00000002726,GENE ID:26,AOC1,ABP1,T,"Previous Symbol, Withdrawn MGI Symbol",9024682,no,-,Abp1p (autonomously replicating sequence-binding protein 1),abstract,"One protein, identified by both approaches, shows significant homology to the human centromere DNA-binding protein, CENP-B, and is identical to Abp1p (autonomously replicating sequence-binding protein 1) (Murakami, Y., J.A. Huberman, and J. Hurwitz. 1996. Proc. Natl. Acad. Sci. USA. 93:502-507).",
HGNC:80,ENSG00000002726,GENE ID:26,AOC1,ABP1,T,"Previous Symbol, Withdrawn MGI Symbol",8063734,no,-,Auxin-binding protein 1,abstract,Auxin-binding protein 1 (ABP1) is a putative receptor for the class of plant growth hormones designated auxins of which indole-3-acetic acid (IAA) is the predominant endogenous member.,
HGNC:80,ENSG00000002726,GENE ID:26,AOC1,ABP1,T,"Previous Symbol, Withdrawn MGI Symbol",8013348,no,-,"androgen binding protein, lit defined symbol of SHBG",abstract,"Androgen-binding protein (ABP) and plasma sex hormone-binding globulin (SHBG) are encoded by the same gene and have the identical amino acid sequence within a species. Conversion of residues 129-132 to human sequence in ABP2,3,4 to form ABP1,2,3,4 resulted in a dramatic decrease in estradiol affinity.",
HGNC:80,ENSG00000002726,GENE ID:26,AOC1,ABP1,T,"Previous Symbol, Withdrawn MGI Symbol",7486253,no,-,angiotensin binding protein (ABP1),abstract,"A highly polymorphic (AT)nTm microsatellite located in a PRE1 SINE element in the 3'UTR of the soluble angiotensin binding protein (ABP1) gene has enabled the linkage mapping on the PiGMaP reference families of the ABP1 gene to porcine chromosome 16, to a region homologous with the short arm of human chromosome 5.",
HGNC:80,ENSG00000002726,GENE ID:26,AOC1,ABP1,T,"Previous Symbol, Withdrawn MGI Symbol",40894640,no,-,Abp(adhesion bonding proteins) adhesins,results,"The A. baumannii strain “ACICU” possesses two highly similar CUP pili, Abp1 and Abp2, that play critical roles in mediating CAUTI. The Abp1 and Abp2 pili are tipped with the Abp1D and Abp2D adhesins that allow these bacteria to bind to host-deposited fibrinogen on implanted catheters, which is a critical step for A. baumannii to establish a CAUTI.",
HGNC:80,ENSG00000002726,GENE ID:26,AOC1,ABP1,T,"Previous Symbol, Withdrawn MGI Symbol",40563983,yes,ortholog,-,materials and methods,"Human DAO and human histamine detection kits were purchased from Elabscience (Houston, TX, USA). Primary monoclonal antibodies anti-ABP1 [EPR24299-52] (ab278497) and anti-tubulin [YL172] (ab 6160) were obtained from ABCAM (Cambridge, UK), while HRP-linked anti-rat and anti-rabbit IgG were obtained from Thermo Fisher Scientific (Rockford, IL, USA) and from Cell Signaling Technology (Waltham, MA, USA), respectively.",
HGNC:80,ENSG00000002726,GENE ID:26,AOC1,ABP1,T,"Previous Symbol, Withdrawn MGI Symbol",40498025,no,-,alternate abbreviation synonym for PABPC1,discussion,"These include nucleophosmin; chromobox family member 1 (CFA); polybromo 1 (PBRM1); Tubulin Folding Cofactor A (ACF/TBCA); histones H3.1 and H4; nucleolin; DNA-dependent protein kinase catalytic subunit (DNA-PKcs); Poly(A) binding protein cytoplasmic 1 (ABP1); heterogeneous nuclear ribonucleoprotein (hnRNP)-A1, -H, -M and -K; RNA-binding protein 14 (RNA-BP14); Rab-6A; Ran and KRas; and the SWI/SNF complex subunits SMARCA4, SMARCC2, SMARCB1 and SMARCE1.",
HGNC:80,ENSG00000002726,GENE ID:26,AOC1,ABP1,T,"Previous Symbol, Withdrawn MGI Symbol",40362611,no,-,Albumin-Binding Peptides,results,"We have chosen albumin-binding peptides of 11 and 12 aa (ABP1 and ABP2) obtained via phage display of peptide libraries [21]. These peptides have a high affinity for albumins from different animal species (mouse, rat, rabbit, and human). Next, the 45 aa streptococcal protein G albumin-binding domain (StrepABD) was used, whose sequence was added to endolysin via a flexible linker",
HGNC:80,ENSG00000002726,GENE ID:26,AOC1,ABP1,T,"Previous Symbol, Withdrawn MGI Symbol",39969275,no,-,Abp(adhesion bonding proteins) adhesins,results,"Genes of the classical pili Abp1 (formerly Cup), cupA and cupC, were also affected by large deletions and indel leading to a frameshift in most strains of the clade II.",
HGNC:7067,ENSG00000179583,GENE ID:4261,CIITA,NLRA,T,Prefix Gene Group Symbol,40721578,yes,lit defined (HGNC alias),-,intro,"Based on their N-terminal domain, NLRs are divided into five subfamilies: NLRA subfamily (acidic transactivating domain [AD]-containing NLR protein), NLRB subfamily (baculovirus inhibitor of apoptosis protein repeat [BIR]-containing NLR protein), NLRC subfamily (caspase activation and recruitment domain [CARD]-containing NLR protein, e.g., NLRC4, NLRC5), NLRP subfamily (pyrin domain [PYD]-containing NLR protein, e.g., NLRP3, NLRP1), and NLRX subfamily [44, 45]. A",
HGNC:7067,ENSG00000179583,GENE ID:4261,CIITA,NLRA,T,Prefix Gene Group Symbol,40643515,yes,alias,-,intro,"Moreover, to date, five subfamilies have been identified and constitute the NLR family, including NLRA (CIITA and Ciita), NLRB (NAIP and Naip1,2,4,5,6,7), NLRC (NOD1, NOD2, NLRC3, NLRC4, and NLRC5), NLRP (NLRP1-NLRP14) and NLRX (NLRX1 and NLRx1).",NLRA is the family that CIITA is in
HGNC:7067,ENSG00000179583,GENE ID:4261,CIITA,NLRA,T,Prefix Gene Group Symbol,40640149,yes,alias,-,intro,"Structurally, NLRs are made up of three main domains: one is the central nucleotide-binding domain, also known as the NACHT domain (synthesized by the abbreviations of the following four kinds of NLR members: NLR family apoptosis inhibitory protein [NAIP, also known as NLRB1], class II major histocompatibility complex trans-activator [CIITA, also known as NLRA], hydroxy eicosatetraenoic [HETE], telomerase associated protein 1 [TEP1, also known as TP1]), which is a common feature of the NLR family and plays a crucial role in nucleic acid binding and the oligomerization of NLRs; LRRs at the C-terminus, which are employed to detect ligands; and the N-terminal effector domain, which serves as the protein-binding region, such as the caspase recruitment domain (CARD) or the pyrin domain (PYD)",
HGNC:7067,ENSG00000179583,GENE ID:4261,CIITA,NLRA,T,Prefix Gene Group Symbol,40613780,yes,alias,-,intro,"NLRs can be further divided into five subfamilies based on the identity of their respective N-terminal domains (Figure 1). NLRA, A for an acidic-transactivating domain, includes Class II major histocompatibility complex and transactivator, CIITA.",
HGNC:7067,ENSG00000179583,GENE ID:4261,CIITA,NLRA,T,Prefix Gene Group Symbol,40535352,yes,alias,-,intro,"The NLR family is structurally classified into five subfamilies: (1) NLRA (characterized by an acidic transactivation domain, exemplified by class II transactivator, CIITA), (2) NLRB (bearing baculovirus inhibitor of apoptosis protein repeat, BIR, domains, as observed in neuronal apoptosis inhibitory protein, NAIP), (3) NLRC (containing caspase activation and recruitment domains, CARD, including nucleotide-binding oligomerization domain-containing proteins 1 and 2, NOD1 and NOD2, that activate NF-κB, and Mitogen-Activated Protein Kinase, MAPK, pathways through receptor-interacting serine/threonine-protein kinase 2, RIPK2, and transforming growth factor beta-activated kinase 1, TAK1, signaling complexes), (4) NLRP (defined by pyrin domain-containing members such as NLRP1 and NLRP3), and (5) NLRX (localized to mitochondrial membranes).",
HGNC:7067,ENSG00000179583,GENE ID:4261,CIITA,NLRA,T,Prefix Gene Group Symbol,40404619,yes,lit defined (HGNC alias),-,intro,"Mammalian NLRs can be divided into four major subfamilies based on their different N-terminal domain structures: acidic transactivating domain-containing NLR (NLRA), baculovirus inhibitor of apoptosis protein repeat-containing NLR (NLRB), caspase activation and recruitment domain (CARD)-containing NLR (NLRC), and pyrin domain-containing NLR (NLRP).",
HGNC:7067,ENSG00000179583,GENE ID:4261,CIITA,NLRA,T,Prefix Gene Group Symbol,40396589,yes,lit defined (HGNC alias),-,intro,"Based on the N‐terminal domain, the NLRs are classified into four sub‐families: the baculoviral inhibitory repeat‐like domain (NLRB), the acidic transactivation domain (NLRA), the caspase activation and recruitment domain (CARD; NLRC) and the pyrin domain (NLRP).",
HGNC:7067,ENSG00000179583,GENE ID:4261,CIITA,NLRA,T,Prefix Gene Group Symbol,40264766,yes,alias,-,intro,"The nucleotide-binding oligomerization domain-like receptors, or NOD-like receptors (NLRs), are intracellular sensors known as pattern recognition receptors (51, 52). We detected transcripts for NOD1/NLRC1, NOD3/NLRC3, NOD4/NLRC5, NOD5/NLRZ1, CIITA/NLRA and NAIP in clusters 0 and 1 for CD34+Lin-CD45+ ( Figure 3A ) and clusters 1 and 4 for CD133+Lin-CD45+ ( Figure 3B ) enriched for mRNA for CD34, CD133, and c-kit (primitive clusters).",
HGNC:7067,ENSG00000179583,GENE ID:4261,CIITA,NLRA,T,Prefix Gene Group Symbol,40098281,yes,alias,-,intro,"The NLRA subfamily includes CIITA, a transcription factor with at least one splice variant expressing CARD.",
HGNC:7067,ENSG00000179583,GENE ID:4261,CIITA,NLRA,T,Prefix Gene Group Symbol,40066444,yes,alias,-,intro,"The NLR family can be classified into several subgroups based on their domain architecture and functional roles: (a) NLRA: Represented by CIITA, which regulates the expression of major histocompatibility complex class II (MHC II) genes and primarily functions as a transcriptional regulator of adaptive immunity (11).",
HGNC:5,ENSG00000121410,GENE ID:1,A1BG,GAB,F,,40567688,no,-,global attention branch (GAB),methodology,"Therefore, a dual-branch global extraction module is proposed to extract detailed local information and rich global information. which includes a global attention branch (GAB) and a global compensation branch (GCB).",
HGNC:5,ENSG00000121410,GENE ID:1,A1BG,GAB,F,,40531710,no,-,Guia Alimentar para a População,introduction,"Avaliar a mudança na percepção de autoeficácia de profissionais de saúde da Atenção Primária à Saúde para realizar orientações alimentares utilizando os Protocolos de uso do Guia Alimentar para a População Brasileira após a realização de um curso aberto, on-line e massivo (MOOC, sigla em inglês).",
HGNC:5,ENSG00000121410,GENE ID:1,A1BG,GAB,F,,40003633,no,-,gestational age at birth (GAB),materials and methods,"Finally, we compared differences in gestational age at birth (GAB) in participants having the highest (90th percentile) and lowest (10th percentile) amounts of the placental protein a distintegrin and metalloproteinase 12 (ADA12).",
HGNC:5,ENSG00000121410,GENE ID:1,A1BG,GAB,F,,38629672,no,-,dispatch SAPS/GAB/SAPS/MS 0019480381,footnotes,Funding: Support Project for the Institutional Development of the Brazilian Unified Health System (Proadi-SUS – Technical Opinion No. 2/2021 – CGGAP/DESF/SAPS/MS 0019478128 and dispatch SAPS/GAB/SAPS/MS 0019480381).,
HGNC:5,ENSG00000121410,GENE ID:1,A1BG,GAB,F,,38827863,no,-,Initials of Ghazal Awais Butt ,Authors’ Contribution,GAB and NM: Did the manuscript writing.,
HGNC:5,ENSG00000121410,GENE ID:1,A1BG,GAB,F,,38591864,no,-,"GAB, gender attitudes about child problem behavior",intro,"Moreover, two variables significantly interacted with congruence, namely child gender [β = −0.06, t(135) = −2.68, P = 0.008] and parents’ gender attitudes about child problem behavior [β = −0.03, t(135) = −1.98, P = 0.050].",
HGNC:5,ENSG00000121410,GENE ID:1,A1BG,GAB,F,,38769904,no,-,group averaged BOIN (GAB),Intro,"The proposed method will be called group averaged BOIN (GAB), as we will use group averaging to modify the BOIN recommendations. ",
HGNC:5,ENSG00000121410,GENE ID:1,A1BG,GAB,F,,28491006,no,-,_-aminobutyric acid (GABA)ergic,abstract,"Herein, we report the ability of 2-deoxy-d-glucose (2-DG), a glucose analog that inhibits glycolytic enzymes, of potentiating γ-aminobutyric acid (GABA)ergic tonic inhibition via neurosteroid-mediated activation of extrasynaptic GABAA receptors.",
HGNC:5,ENSG00000121410,GENE ID:1,A1BG,GAB,F,,24994006,no,-,group A and B human respiratory syncytial virus,references,Circulation patterns of group A and B human respiratory syncytial virus genotypes in 5 communities in North America,
HGNC:5,ENSG00000121410,GENE ID:1,A1BG,GAB,F,,30635007,no,-,initials of  Guanai Bao,Authors’ Contribution,"JZ, RR, GAB, XMS, YLJ, JYD, JFF, and NN participated in data collection and are in charge of patient recruitment. ",
HGNC:5,ENSG00000121410,GENE ID:1,A1BG,A1B,F,,39868088,no,-,letters representing subunits,materials and methods,"For example, if a complex has three unique subunits (A, B, and C) and each subunit appears in one or two copies across templates, eight possible stoichiometries (i.e., A1B1C1, A1B1C2, A1B2C1, A1B2C2, A2B1C1, A2B1C2, A2B2C1, A2B2C1) (Figure 1) are generated. ",
HGNC:5,ENSG00000121410,GENE ID:1,A1BG,A1B,F,,39091759,no,-,naming of figures,appendix,"Fig A1A shows the full eigenvalue spectrum, and Fig A1B shows those included in the main text. ",
HGNC:5,ENSG00000121410,GENE ID:1,A1BG,A1B,F,,32046009,no,-,Alice city samples,results,"Alice samples: A1B (wastewater, winter), A2B (treated effluent, winter), A1C (wastewater, spring), A2C (treated effluent, spring), AS (sludge). Uitenhage samples: U1B (treated effluent, winter), U1C (treated effluent, spring).",
HGNC:5,ENSG00000121410,GENE ID:1,A1BG,A1B,F,,38527010,no,-,hemoglobin subfractions,introduction,"While, glycated hemoglobin A1A and A1B are formed through non-enzymatic attachment of fructose 1, 6-diphosohate and glucose-6-phosphate, respectively [5, 6].",
HGNC:5,ENSG00000121410,GENE ID:1,A1BG,A1B,F,,34630013,no,-,HNRNPA1 alias,introduction,"HNRNPA1 can be alternatively spliced to create several different transcripts (GTEX, ENSG00000135486.17; NCBI, Gene ID 3178), including two that encode for the isoforms hnRNP A1 (NP_002127.1, CCDS: 41793.1, UniProt: P09651-2) and hnRNP A1B (NP_112420.1, CCDS: 44909.1, UniProt: P09651-1). ",
HGNC:5,ENSG00000121410,GENE ID:1,A1BG,A1B,F,,9458019,no,-,blood antibodies,methods,"Incompatibility in ABO blood group antigens was as follows: A1→O, 23 patients; B→O, 19 patients; A1B→A1, 7 patients; B→A1, 8 patients; A1→B; 4 patients; A1B→B, 4 patients; A1B→O, 2 patients.",
HGNC:5,ENSG00000121410,GENE ID:1,A1BG,A1B,F,,18822025,no,-,α1-adrenergic receptor blocker,introduction,The AUA recommends α1-adrenergic receptor blockers (A1Bs) as safe and efficacious pharmacologic treatment options for patients suffering from BPH ,
HGNC:5,ENSG00000121410,GENE ID:1,A1BG,A1B,F,,26761027,no,-,genotype of rhinovirus,introduction,"A1A, A1B, A2, A23, A25, A29, A30, A31, A44, A47, A49, A62",
HGNC:5,ENSG00000121410,GENE ID:1,A1BG,A1B,F,,31837028,no,-,red blood cell type,methods,"We used in vitro phagocytosis by monocytes and proinflammatory/anti‐inflammatory macrophages, with isoagglutinin‐reduced and ‐nonreduced Ig opsonized group A1, B, and A1B red blood cells, to estimate clinical significance of the IgG isoagglutinins.",
HGNC:5,ENSG00000121410,GENE ID:1,A1BG,A1B,F,,2447112,yes,alternate abbreviation,-,abstract,"Alpha 1-beta glycoprotein (A1B) was purified to homogeneity from human plasma using a three-step procedure involving pseudo-ligand affinity chromatography on immobilized Cibacron Blue 3-GA, gel filtration chromatography on Sephadex G-200 and ion-exchange chromatography on DEAE Affigel Blue.",